Question Text,Question Type,Option 1,Option 2,Option 3,Option 4,Option 5,Correct Answer,Time in seconds,Image Link
Chủ nghĩa xã hội khoa học là một trong ba bộ phận cấu thành của,Multiple Choice,triết học Mác - Lênin.,kinh tế chính trị Mác - Lênin.,chủ nghĩa Mác - Lênin.,chủ nghĩa xã hội không tưởng.,,3,30,
"Chủ nghĩa Mác - Lênin gồm ba bộ phận cấu thành là: triết học Mác - Lênin, kinh tế chính trị Mác - Lênin và",Multiple Choice,mĩ học Mác - Lênin.,đạo đức học Mác - Lênin.,chủ nghĩa xã hội không tưởng,chủ nghĩa xã hội khoa học.,,4,30,
Thành phần nào dưới đây không phải là một trong ba bộ phận cấu thành của chủ nghĩa Mác - Lênin?,Multiple Choice,Triết học Mác - Lênin.,Chủ nghĩa xã hội hiện thực.,Kinh tế chính trị Mác - Lênin.,Chủ nghĩa xã hội khoa học.,,2,30,
Thành phần nào dưới đây không phải là một trong ba phát kiến vĩ đại của chủ nghĩa Mác - Lênin?,Multiple Choice,Chủ nghĩa duy vật lịch sử.,Chủ nghĩa duy vật biện chứng.,Học thuyết giá trị thặng dư.,Học thuyết về sứ mệnh lịch sử thế giới của giai cấp công nhân.,,2,30,
Nội dung nào dưới đây là phát kiến vĩ đại của C. Mác và Ph. Ăngghen trong triết học Mác - Lênin?,Multiple Choice,Học thuyết giá trị thặng dư.,Chủ nghĩa duy vật biện chứng.,Học thuyết về sứ mệnh lịch sử thế giới của giai cấp công nhân.,Chủ nghĩa duy vật lịch sử.,,4,30,
Nội dung nào dưới đây là phát kiến vĩ đại của C. Mác và Ph. Ăngghen trong kinh tế chính trị Mác - Lênin?,Multiple Choice,Chủ nghĩa duy vật lịch sử.,Chủ nghĩa duy vật biện chứng.,Học thuyết về sứ mệnh lịch sử thế giới của giai cấp công nhân.,Học thuyết giá trị thặng dư.,,4,30,
Nội dung nào dưới đây là phát kiến vĩ đại của C. Mác và Ph. Ăngghen trong chủ nghĩa xã hội khoa học?,Multiple Choice,Học thuyết về sứ mệnh lịch sử thế giới của giai cấp công nhân.,Chủ nghĩa duy vật lịch sử.,Học thuyết giá trị thặng dư.,Chủ nghĩa duy vật biện chứng.,,1,30,
Chủ nghĩa duy vật lịch sử là phát kiến vĩ đại của C. Mác và Ph. Ăngghen trong,Multiple Choice,kinh tế chính trị Mác - Lênin.,chủ nghĩa xã hội khoa học.,triết học Mác - Lênin.,chủ nghĩa xã hội hiện thực.,,3,30,
Học thuyết giá trị thặng dư là phát kiến vĩ đại của C. Mác và Ph. Ăngghen trong,Multiple Choice,triết học Mác - Lênin.,chủ nghĩa xã hội khoa học.,kinh tế chính trị Mác - Lênin.,chủ nghĩa xã hội hiện thực.,,3,30,
Học thuyết về sứ mệnh lịch sử thế giới của giai cấp công nhân là phát kiến vĩ đại của C. Mác và Ph. Ăngghen trong,Multiple Choice,chủ nghĩa xã hội khoa học.,triết học Mác - Lênin.,kinh tế chính trị Mác - Lênin.,chủ nghĩa xã hội hiện thực.,,1,30,
Nội dung nào dưới đây không phải là điều kiện kinh tế - xã hội cho sự ra đời của chủ nghĩa xã hội khoa học?,Multiple Choice,Cách mạng công nghiệp tạo ra sự phát triển mạnh mẽ cho nền đại công nghiệp.,Mâu thuẫn giữa lực lượng sản xuất mang tính xã hội hóa với quan hệ sản xuất dựa trên chế độ chiếm hữu tư nhân tư bản chủ nghĩa.,Mâu thuẫn giữa giai cấp công nhân với giai cấp tư sản biểu hiện qua các cuộc đấu tranh của giai cấp công nhân.,Chủ nghĩa xã hội không tưởng Pháp thế kỉ XIX.,,4,30,
Phong trào đấu tranh nào dưới đây không phải là hoàn cảnh lịch sử cho sự ra đời của chủ nghĩa xã hội khoa học?,Multiple Choice,"Phong trào Công nhân dệt ở thành phố Xiledi, Đức.",Phong trào Hiến chương của người lao động ở Anh.,"Phong trào Công nhân New York, Mỹ.","Phong trào Công nhân dệt thành phố Lyon, Pháp.",,3,30,
Nội dung nào dưới đây là tiền đề khoa học tự nhiên cho sự ra đời của chủ nghĩa xã hội khoa học?,Multiple Choice,Triết học cổ điển Đức.,Kinh tế chính trị cổ điển Anh.,Học thuyết tiến hóa của Darwin.,Chủ nghĩa xã hội không tưởng Pháp.,,3,30,
Nội dung nào dưới đây là tiền đề khoa học tự nhiên cho sự ra đời của chủ nghĩa xã hội khoa học?,Multiple Choice,Định luật bảo toàn và chuyển hóa năng lượng.,Định luật chuyển động Newton.,Định luật quán tính.,Định luật hấp dẫn.,,1,30,
Nội dung nào dưới đây là tiền đề khoa học tự nhiên cho sự ra đời của chủ nghĩa xã hội khoa học?,Multiple Choice,Định luật chuyển động Newton.,Học thuyết tế bào.,Định luật quán tính.,Thuyết trường lượng tử.,,2,30,
Nội dung nào dưới đây không phải là tiền đề khoa học tự nhiên cho sự ra đời của chủ nghĩa xã hội khoa học?,Multiple Choice,Thuyết tương đối đặc biệt.,Định luật bảo toàn và chuyển hóa năng lượng.,Học thuyết tiến hóa của Darwin.,Học thuyết tế bào.,,1,30,
Nội dung nào dưới đây là tiền đề tư tưởng lí luận cho sự ra đời của chủ nghĩa xã hội khoa học?,Multiple Choice,Kinh tế chính trị cổ điển Anh.,Triết học hiện sinh.,Học thuyết tiến hóa của Darwin.,Chủ nghĩa thực chứng logic.,,1,30,
Nội dung nào dưới đây là tiền đề tư tưởng lí luận cho sự ra đời của chủ nghĩa xã hội khoa học?,Multiple Choice,Triết học cổ điển Đức.,Triết học Tây Âu trung cổ.,Triết học hiện sinh.,Triết học phương Tây hiện đại.,,1,30,
Nội dung nào dưới đây là tiền đề tư tưởng lí luận cho sự ra đời của chủ nghĩa xã hội khoa học?,Multiple Choice,Chủ nghĩa xã hội không tưởng Pháp.,Chủ nghĩa thực chứng logic.,Học thuyết tiến hóa của Darwin.,Chủ nghĩa kinh nghiệm tự nhiên.,,1,30,
Nội dung nào dưới đây không phải là tiền đề tư tưởng lí luận cho sự ra đời của chủ nghĩa xã hội khoa học?,Multiple Choice,Triết học cổ điển Đức.,Chủ nghĩa xã hội không tưởng Pháp.,Kinh tế chính trị cổ điển Anh.,Định luật chuyển động Newton.,,4,30,
"Tác phẩm nào dưới đây thể hiện rõ sự chuyển biến tư tưởng của C. Mác từ thế giới quan duy tâm sang thế giới quan duy vật, từ lập trường dân chủ cách mạng sang lập trường cộng sản chủ nghĩa?",Multiple Choice,Góp phần phê phán triết học pháp quyền của Hêghen — Lời nói đầu.,Tình cảnh giai cấp công nhân Anh.,Lược khảo khoa kinh tế — chính trị.,Bộ Tư bản.,,1,30,
"Tác phẩm nào dưới đây thể hiện rõ sự chuyển biến tư tưởng của Ph. Ăngghen từ thế giới quan duy tâm sang thế giới quan duy vật, từ lập trường dân chủ cách mạng sang lập trường cộng sản chủ nghĩa?",Multiple Choice,Tình cảnh giai cấp công nhân Anh.,Góp phần phê phán Triết học pháp quyền của Hêghen - Lời nói đầu.,Bản thảo kinh tế triết học năm 1844.,Bộ Tư bản.,,1,30,
"Tác phẩm nào dưới đây thể hiện rõ sự chuyển biến tư tưởng của Ph. Ăngghen từ thế giới quan duy tâm sang thế giới quan duy vật, từ lập trường dân chủ cách mạng sang lập trường cộng sản chủ nghĩa?",Multiple Choice,Lược khảo khoa kinh tế — chính trị.,Bộ Tư bản.,Góp phần phê phán Triết học pháp quyền của Hêghen - Lời nói đầu.,Bản thảo kinh tế triết học năm 1844.,,1,30,
"Từ 1843 đến 1848, C. Mác và Ph. Ăngghen cho ra đời nhiều tác phẩm lớn, đánh dấu sự chuyển biến tư tưởng",Multiple Choice,"từ thế giới quan duy tâm sang thế giới quan duy vật, từ lập trường dân chủ cách mạng sang lập trường cộng sản chủ nghĩa.","từ thế giới quan duy vật sang thế giới quan duy tâm, từ lập trường dân chủ cách mạng sang lập trường cộng sản chủ nghĩa.","từ thế giới quan duy vật sang thế giới quan duy tâm, từ lập trường cộng sản chủ nghĩa sang lập trường dân chủ cách mạng.","từ thế giới quan duy tâm sang thế giới quan duy vật, từ lập trường cộng sản chủ nghĩa sang lập trường dân chủ cách mạng.",,1,30,
"Học thuyết nào dưới đây của C. Mác và Ph. Ăngghen có nội dung cơ bản là lí luận về hình thái kinh tế - xã hội, là cơ sở về mặt triết học để nghiên cứu xã hội tư bản chủ nghĩa, khẳng định sự sụp đổ của chủ nghĩa tư bản và thắng lợi của chủ nghĩa xã hội, chủ nghĩa cộng sản là tất yếu như nhau?",Multiple Choice,Học thuyết duy vật lịch sử.,Học thuyết duy vật biện chứng.,Học thuyết giá trị thặng dư.,Học thuyết về sứ mệnh lịch sử thế giới của giai cấp công nhân.,,1,30,
"Học thuyết nào dưới đây của C. Mác và Ph. Ăngghen chỉ rõ bản chất của chế độ làm thuê trong chế độ tư bản, đã chứng minh một cách khoa học về loại ""hàng hóa đặc biệt"", hàng hóa sức lao động của công nhân mà nhà tư bản đã mua và có những thủ đoạn tinh vi để chiếm đoạt giá trị mới do nó sinh ra?",Multiple Choice,Học thuyết giá trị thặng dư.,Học thuyết duy vật biện chứng.,Học thuyết duy vật lịch sử.,Học thuyết về sứ mệnh lịch sử thế giới của giai cấp công nhân.,,1,30,
Học thuyết nào dưới đây của C. Mác và Ph. Ăngghen đã khắc phục được một cách triệt để những hạn chế có tính lịch sử của chủ nghĩa xã hội không tưởng; luận chứng sâu sắc về bản chất trên phương diện chính trị - xã hội của sự diệt vong không tránh khỏi của chủ nghĩa tư bản và sự ra đời tất yếu của chủ nghĩa xã hội?,Multiple Choice,Học thuyết về sứ mệnh lịch sử thế giới của giai cấp công nhân.,Học thuyết duy vật biện chứng.,Học thuyết duy vật lịch sử.,Học thuyết giá trị thặng dư.,,1,30,
Tác phẩm nào dưới đây đánh dấu sự ra đời của chủ nghĩa Mác - Lênin với tư cách là chủ nghĩa xã hội khoa học theo nghĩa rộng?,Multiple Choice,Tình cảnh giai cấp công nhân Anh.,Những nguyên lí của chủ nghĩa cộng sản.,Tuyên ngôn của Đảng Cộng sản.,Điều lệ của Đồng minh những người cộng sản.,,3,30,
Tác phẩm Tuyên ngôn của Đảng Cộng sản ra đời vào,Multiple Choice,tháng 2 năm 1842.,tháng 8 năm 1842.,tháng 8 năm 1848.,tháng 2 năm 1848.,,4,30,
"Tác phẩm nào dưới đây là cương lĩnh chính trị, là kim chỉ nam hành động của toàn bộ phong trào cộng sản và công nhân quốc tế trong cuộc đấu tranh chống chủ nghĩa tư bản, giải phóng loài người vĩnh viễn khỏi mọi áp bức, bóc lột giai cấp, đảm bảo cho loài người có cuộc sống ấm no, tự do, hạnh phúc, được phát triển toàn diện?",Multiple Choice,Tình cảnh giai cấp công nhân Anh.,Tuyên ngôn của Đảng Cộng sản.,Những nguyên lí của chủ nghĩa cộng sản.,Điều lệ của Đồng minh những người cộng sản.,,2,30,
"Tác phẩm nào dưới đây đã phân tích một cách có hệ thống lịch sử và logic hoàn chỉnh về những vấn đề cơ bản nhất, đầy đủ, xúc tích và chặt chẽ nhất, thâu tóm gần như toàn bộ những luận điểm của chủ nghĩa xã hội?",Multiple Choice,Tình cảnh giai cấp công nhân Anh.,Những nguyên lí của chủ nghĩa cộng sản.,Tuyên ngôn của Đảng Cộng sản.,Điều lệ của Đồng minh những người cộng sản.,,3,30,
Tác phẩm nào dưới đây không được C. Mác và Ph. Ăngghen viết trong giai đoạn từ năm 1848 đến Công xã Pari (1871)?,Multiple Choice,Chống Đuyrinh.,Ngày mười tám tháng Sương mù của Lui Bônapactơ.,Chiến tranh nông dân ở Đức.,Cách mạng và phản cách mạng ở Đức.,,1,30,
Tác phẩm nào dưới đây không được C. Mác và Ph. Ăngghen viết trong giai đoạn sau từ Công xã Pari đến năm 1895 (Ph. Ăngghen mất)?,Multiple Choice,Ngày mười tám tháng Sương mù của Lui Bônapactơ.,Nội chiến ở Pháp.,"Nguồn gốc của gia đình, của chế độ tư hữu và của nhà nước.",Sự phát triển của chủ nghĩa xã hội từ không tưởng đến khoa học.,,1,30,
Tác phẩm nào dưới đây không được V.I. Lênin viết trong giai đoạn trước Cách mạng tháng Mười Nga?,Multiple Choice,Bàn về nhà nước.,Làm gì?,"Một bước tiến, hai bước lùi.",Nhà nước và cách mạng.,,1,30,
Tác phẩm nào dưới đây không được V.I. Lênin viết trong giai đoạn sau Cách mạng tháng Mười Nga?,Multiple Choice,Cách mạng vô sản và tên phản bội Causky.,Những nhiệm vụ trước mắt của chính quyền Xô viết.,Bàn về nhà nước.,Những người bạn dân là thế nào và họ đấu tranh chống những người dân chủ ra sao?,,4,30,
Phát triển chủ nghĩa xã hội từ không tưởng đến khoa học là công lao của,Multiple Choice,G.W.F. Hegel.,V.L Lênin.,C . Mác và Ph. Ăngghen.,TV. Stalin.,,3,30,
Biến chủ nghĩa xã hội khoa học từ lí luận thành hiện thực là công lao của:,Multiple Choice,V.I. Lênin.,G.W.F. Hegel.,C . Mác và Ph. Ăngghen.,TV. Stalin.,,1,30,
"Người trực tiếp lãnh đạo Đảng của giai cấp công nhân Nga tập hợp lực lượng đấu tranh chống chế độ chuyên chế Nga hoàng, tiến tới giành chính quyền về tay giai cấp công nhân và nhân dân lao động Nga là",Multiple Choice,C . Mác và Ph. Ăngghen.,I.V. Stalin,V.I. Lênin.,G. Dimitrov.,,3,30,
"Giai đoạn nào dưới đây được coi là ""Thời đoạn Stalin"" trực tiếp vận dụng và phát triển chủ nghĩa xã hội khoa học?",Multiple Choice,1920- 1945.,1924- 1945.,1924-1953.,1945- 1953.,,3,30,
Bằng con đường nào để thực hiện bước chuyển biến thay thế chủ nghĩa tư bản bằng chủ nghĩa xã hội thì đó là nhiệm vụ của,Multiple Choice,Triết học Mác – Lênin.,Kinh tế chính trị Mác - Lênin.,Chủ nghĩa xã hội hiện thực.,Chủ nghĩa xã hội khoa học.,,4,30,
"Phê phán, đấu tranh bác bỏ những trào lưu tư tưởng chống cộng, chống chủ nghĩa xã hội, bảo vệ sự trong sáng của chủ nghĩa Mác - Lênin và những thành quả của cách mạng xã hội chủ nghĩa là một nhiệm vụ vô cùng quan trọng của",Multiple Choice,chủ nghĩa xã hội không tưởng.,chủ nghĩa xã hội không tưởng phê phán.,chủ nghĩa Mác - Lênin.,chủ nghĩa xã hội khoa học.,,4,30,
"Những quy luật, tính quy luật chính trị - xã hội của quá trình phát sinh và phát triển của hình thái kinh tế - xã hội cộng sản chủ nghĩa mà giai đoạn thấp là chủ nghĩa xã hội; Những nguyên tắc cơ bản, những điều kiện, những con đường và hình thức, phương pháp đấu tranh cách mạng của giai cấp công nhân và nhân dân lao động nhằm hiện thực hóa sự chuyển biến từ chủ nghĩa tư bản lên chủ nghĩa xã hội và chủ nghĩa cộng sản là đối tượng nghiên cứu của",Multiple Choice,Triết học Mác - Lênin.,Kinh tế chính trị Mác - Lênin.,Chủ nghĩa xã hội hiện thực.,Chủ nghĩa xã hội khoa học.,,4,30,
Luận chứng một cách khoa học tính tất yếu về mặt lịch sử sự thay thế của chủ nghĩa tư bản bằng chủ nghĩa xã hội gắn liền với sứ mệnh lịch sử thế giới của giai cấp công nhân là nhiệm vụ của,Multiple Choice,chủ nghĩa xã hội khoa học.,chủ nghĩa xã hội không tưởng.,chủ nghĩa xã hội không tưởng phê phán.,triết học Mác - Lênin.,,1,30,
Nội dung nào dưới đây được coi là phương pháp luận chung nhất cho việc nghiên cứu chủ nghĩa xã hội khoa học?,Multiple Choice,Phương pháp luận duy vật biện chứng và phương pháp luận duy vật lịch sử của triết học Mác - Lênin.,Phương pháp luận duy tâm biện chứng của Hegel và phương pháp luận duy vật nhân bản của Feuerbach.,Phương pháp trừu tượng hóa khoa học.,Phương pháp logic và lịch sử.,,1,30,
Nội dung nào dưới đây không phải là phương pháp nghiên cứu cụ thể của chủ nghĩa xã hội khoa học?,Multiple Choice,Phương pháp logic và lịch sử.,Phương pháp khảo sát và phân tích về mặt chính trị - xã hội.,Các phương pháp có tính liên ngành.,Phương pháp trừu tượng hóa khoa học.,,4,30,
"Góp phần quan trọng việc giáo dục niềm tin khoa học cho nhân dân vào mục tiêu, lí tưởng xã hội chủ nghĩa và con đường đi lên chủ nghĩa xã hội là nội dung thể hiện",Multiple Choice,ý nghĩa của việc nghiên cứu chủ nghĩa xã hội khoa học.,nội dung của chủ nghĩa xã hội khoa học.,sứ mệnh của giai cấp công nhân Việt Nam.,sứ mệnh của giai cấp công nhân quốc tế.,,1,30,
"Nội dung nào dưới đây là phạm trù trung tâm, là nguyên lí xuất phát của chủ nghĩa xã hội khoa học?",Multiple Choice,Chủ nghĩa xã hội và thời kì quá độ lên chủ nghĩa xã hội.,Dân chủ xã hội chủ nghĩa và nhà nước xã hội chủ nghĩa.,Sứ mệnh lịch sử thế giới của giai cấp công nhân.,Vấn đề dân tộc trong thời kì quá độ lên chủ nghĩa xã hội.,,3,30,
Giai cấp nào dưới đây là con đẻ của nền đại công nghiệp tư bản chủ nghĩa?,Multiple Choice,Giai cấp tư sản.,Giai cấp công nhân.,Giai cấp địa chủ.,Giai cấp nông dân.,,2,30,
Lao động trực tiếp hoặc gián tiếp vận hành các công cụ sản xuất có tính chất công nghiệp ngày càng hiện đại và xã hội hóa cao là nội dung thể hiện,Multiple Choice,công cụ lao động của người công nhân.,phương thức lao động của người công nhân.,vị trí trong quan hệ sản xuất tư bản chủ nghĩa của người công nhân.,địa vị xã hội của người công nhân.,,2,30,
"Về vị trí trong quan hệ sản xuất tư bản chủ nghĩa, công nhân là những người lao động",Multiple Choice,không sở hữu tư liệu sản xuất chủ yếu của xã hội.,có sở hữu tư liệu sản xuất là sức lao động.,có sở hữu tư liệu sản xuất là kinh nghiệm cá nhân.,không sở hữu bất cứ tư liệu sản xuất nào của xã hội.,,1,30,
"""Các giai cấp khác đều suy tàn và tiêu vong cùng với sự phát triển của đại công nghiệp, còn giai cấp vô sản là sản phẩm của bản thân nền đại công nghiệp"" là luận điểm của",Multiple Choice,C. Mác và Ph. Ăngghen.,C. Mác.,Ph. Ăngghen.,V.I. Lênin.,,1,30,
"Giai cấp, tầng lớp nào dưới đây không sở hữu tư liệu sản xuất chủ yếu, phải bán sức lao động cho nhà tư bản và bị nhà tư bản bóc lột giá trị thặng dư?",Multiple Choice,Trí thức.,Doanh nhân.,Tiểu tư sản.,Công nhân.,,4,30,
"Giai cấp, tầng lớp nào dưới đây chỉ có thể sống với điều kiện là kiếm được việc làm và chỉ kiếm được việc làm nếu lao động của họ làm tăng thêm tư bản?",Multiple Choice,Nông dân.,Địa chủ.,Công nhân.,Tư sản.,,3,30,
"Lực lượng nào dưới đây buộc phải tự bán mình để kiếm ăn từng bữa, là một hàng hóa, tức là một món hàng đem bán như bất cứ món hàng nào khác, vì thế, họ phải chịu hết mọi sự may rủi của cạnh tranh, mọi sự lên xuống của thị trường?",Multiple Choice,Nông dân.,Người làm nghề tự do.,Công nhân.,Tiểu tư sản.,,3,30,
Nội dung nào dưới đây là nguồn gốc cơ bản của giá trị thặng dư và sự giàu có của giai cấp tư sản?,Multiple Choice,Lao động sống của giai cấp công nhân.,"Quá trình trao đổi, mua bán.",Hoạt động thương mại.,Kinh tế thị trường.,,1,30,
Giai cấp công nhân lao động bằng phương thức công nghiệp với đặc trưng công cụ lao động là,Multiple Choice,ruộng đất.,"con trâu, cái cày.",máy móc có tính chất công nghiệp.,trí óc.,,3,30,
"Giai cấp nào dưới đây là sản phẩm của bản thân nền đại công nghiệp, là chủ thể của quá trình sản xuất vật chất hiện đại?",Multiple Choice,Giai cấp chủ nô.,Giai cấp địa chủ.,Giai cấp tư sản.,Giai cấp công nhân.,,4,30,
"Lực lượng nào dưới đây là đại biểu cho lực lượng sản xuất tiên tiến, cho phương thức sản xuất tiên tiến, quyết định sự tồn tại và phát triển của xã hội hiện đại?",Multiple Choice,Giai cấp nông dân.,Đội ngũ trí thức.,Giai cấp tư sản.,Giai cấp công nhân.,,4,30,
"Nền sản xuất đại công nghiệp và phương thức sản xuất tiên tiến đã rèn luyện cho giai cấp công nhân những phẩm chất đặc biệt về tính tổ chức, kỉ luật lao động, tinh thần hợp tác và",Multiple Choice,tâm lí lao động công nghiệp.,tác phong nông nghiệp.,tâm lí lao động nông nghiệp.,tâm lí lao động tự do.,,1,30,
Mâu thuẫn giữa lực lượng sản xuất mang tính xã hội hóa ngày càng cao với quan hệ sản xuất dựa trên chế độ chiếm hữu tư nhân tư bản chủ nghĩa về tư liệu sản xuất chủ yếu là mâu thuẫn cơ bản của phương thức sản xuất nào dưới đây?,Multiple Choice,Chiếm hữu nô lệ.,Phong kiến.,Tư bản chủ nghĩa.,Cộng sản chủ nghĩa.,,3,30,
Biểu hiện về mặt xã hội của mâu thuẫn cơ bản trong phương thức sản xuất tư bản chủ nghĩa là mâu thuẫn giữa,Multiple Choice,tư bản và lao động.,lực lượng sản xuất và quan hệ sản xuất.,giai cấp công nhân và giai cấp tư sản.,các tập đoàn tư bản.,,3,30,
Mâu thuẫn giữa giai cấp công nhân và giai cấp tư sản là mâu thuẫn,Multiple Choice,đối kháng trực tiếp về lợi ích.,không đối kháng về lợi ích.,về lợi ích không cơ bản.,đối kháng gián tiếp về lợi ích.,,1,30,
Giữa giai cấp công nhân và giai cấp nông dân có,Multiple Choice,toàn bộ lợi ích thống nhất với nhau.,nhiều lợi ích cơ bản thống nhất với nhau.,lợi ích hoàn toàn khác nhau.,lợi ích hoàn toàn đối lập nhau.,,2,30,
Quan điểm nào dưới đây không đúng về giai cấp công nhân?,Multiple Choice,Giai cấp công nhân là giai cấp không đại diện cho quan hệ sản xuất tiên tiến.,"Giai cấp công nhân là một tập đoàn xã hội ổn định, hình thành và phát triển cùng với quá trình phát triển của nền công nghiệp hiện đại.",Giai cấp công nhân là lực lượng chủ yếu của tiến trình lịch sử quá độ từ chủ nghĩa tư bản lên chủ nghĩa xã hội.,Giai cấp công nhân là chủ thể của quá trình sản xuất vật chất hiện đại.,,1,30,
Phát biểu nào dưới đây không đúng về giai cấp công nhân?,Multiple Choice,"Giai cấp công nhân là người làm thuê do không có tư liệu sản xuất, buộc phải bán sức lao động để sống, không bị giai cấp tư sản bóc lột giá trị thặng dư.","Giai cấp công nhân là người làm thuê do không có tư liệu sản xuất, buộc phải bán sức lao động để sống và bị giai cấp tư sản bóc lột giá trị thặng dư.",Lợi ích cơ bản của giai cấp công nhân đối lập với lợi ích cơ bản của giai cấp tư sản.,"Giai cấp công nhân là giai cấp có sứ mệnh phủ định chế độ tư bản chủ nghĩa, xây dựng thành công chủ nghĩa xã hội và chủ nghĩa cộng sản trên toàn thế giới.",,1,30,
Phát biểu nào dưới đây không phải là đặc điểm của giai cấp công nhân mang sứ mệnh lịch sử thế giới?,Multiple Choice,Giai cấp công nhân là giai cấp đại diện cho lực lượng sản xuất tiến bộ của thời đại.,Giai cấp công nhân là lực lượng đông đảo và tiên phong.,Giai cấp công nhân là lực lượng đại diện cho khuynh hướng tiến bộ của nhân loại.,Giai cấp công nhân là lực lượng tiến bộ nhưng chỉ bảo vệ lợi ích cho giai cấp mình.,,4,30,
Nội dung nào dưới đây không phải là sứ mệnh lịch sử thế giới của giai cấp công nhân?,Multiple Choice,"Xoá bỏ tận gốc chế độ người bóc lột người, giải phóng cho giai cấp tư sản.",Giải phóng cho giai cấp công nhân và toàn thể nhân loại bị áp bức.,"Xoá bỏ tận gốc chế độ người bóc lột người, xoá bỏ chủ nghĩa tư bản.",Xây dựng xã hội cộng sản chủ nghĩa văn minh.,,1,30,
Mục tiêu nào dưới đây là mục tiêu lớn nhất mà giai cấp công nhân thực hiện?,Multiple Choice,Xoá bỏ tận gốc chế độ tư bản chủ nghĩa.,Xoá bỏ tận gốc chế độ người bóc lột người.,Xoá bỏ tận gốc chế độ phong kiến.,Xoá bỏ tận gốc chế độ nô lệ làm thuê.,,2,30,
Quan điểm nào sau đây phản ánh đúng về việc xoá bỏ hình thái kinh tế - xã hội tư bản chủ nghĩa?,Multiple Choice,Xoá bỏ cả quan hệ sản xuất bóc lột và lực lượng sản xuất trong chủ nghĩa tư bản.,Xoá bỏ lực lượng sản xuất và kế thừa thành tựu tiến bộ về quan hệ sản xuất trong chủ nghĩa tư bản.,Xoá bỏ quan hệ sản xuất bóc lột và kế thừa thành tựu tiến bộ về lực lượng sản xuất trong chủ nghĩa tư bản.,Xoá bỏ văn hóa và tư tưởng bóc lột trong chủ nghĩa tư bản.,,3,30,
"Trong chủ nghĩa tư bản, mục tiêu của công nhân là xoá bỏ quan hệ sản xuất dựa trên chế độ",Multiple Choice,công hữu về tư liệu sản xuất chủ yếu.,sở hữu chung về tư liệu sản xuất chủ yếu.,sở hữu công cộng về tư liệu sản xuất chủ yếu.,sở hữu tư nhân tư bản chủ nghĩa về tư liệu sản xuất chủ yếu.,,4,30,
"Muốn thực hiện sứ mệnh lịch sử thế giới của mình, giai cấp công nhân phải",Multiple Choice,"lật đổ sự thống trị của giai cấp vô sản, giành chính quyền về tay giai cấp mình, thiết lập nhà nước, cải tạo xã hội cũ, xây dựng xã hội mới.","lật đổ sự thống trị của giai cấp tiểu tư sản, giành chính quyền về tay giai cấp mình, cải tạo xã hội cũ, xây dựng xã hội mới.","lật đổ sự thống trị của bộ phận đại tư sản, giành chính quyền về tay giai cấp mình, cải tạo xã hội cũ, xây dựng xã hội mới.","lật đổ sự thống trị của giai cấp tư sản, giành chính quyền về tay giai cấp mình, thiết lập nhà nước chuyên chính vô sản, cải tạo xã hội cũ, xây dựng xã hội mới.",,4,30,
"Để thực hiện sứ mệnh lịch sử của mình, bước đầu tiên giai cấp công nhân phải làm là",Multiple Choice,"xoá bỏ sự bóc lột đem lại hạnh phúc, ấm no cho nhân dân.","cải tạo xã hội cũ, xây dựng thành công xã hội mới - xã hội cộng sản chủ nghĩa.","liên minh với nông dân, giải phóng cho loài người.","giành chính quyền, thiết lập được nhà nước của giai cấp mình.",,4,30,
"Xoá bỏ quan hệ sản xuất dựa trên chế độ chiếm hữu tư nhân tư bản về tư liệu sản xuất chủ yếu, xây dựng quan hệ sản xuất mới, phù hợp với tính chất xã hội hóa cao của lực lượng sản xuất, với chế độ công hữu về tư liệu sản xuất chủ yếu của xã hội là nhiệm vụ của giai cấp công nhân trên lĩnh vực",Multiple Choice,chính trị - xã hội.,kinh tế.,văn hóa.,tư tưởng.,,2,30,
"Thực hiện công nghiệp hóa, gắn liền công nghiệp hóa với hiện đại hóa, đẩy mạnh công nghiệp hóa gắn với phát triển kinh tế tri thức, bảo vệ tài nguyên, môi trường là nhiệm vụ của giai cấp công nhân trên lĩnh vực",Multiple Choice,chính trị - xã hội.,kinh tế.,văn hóa.,tư tưởng.,,2,30,
"Lật đổ quyền thống trị của giai cấp tư sản, giành quyền lực về tay giai cấp công nhân và nhân dân lao động, thiết lập nhà nước mang bản chất giai cấp công nhân, xây dựng nền dân chủ xã hội chủ nghĩa, thực hiện quyền lực của nhân dân, quyền dân chủ và làm chủ xã hội của tuyệt đại đa số nhân dân lao động là nhiệm vụ của giai cấp công nhân trên lĩnh vực",Multiple Choice,kinh tế.,văn hóa.,chính trị - xã hội.,tư tưởng.,,3,30,
"Sử dụng nhà nước của mình để cải tạo xã hội cũ và tổ chức xây dựng xã hội mới, phục vụ quyền và lợi ích của nhân dân lao động theo lí tưởng và mục tiêu của chủ nghĩa xã hội là nhiệm vụ của giai cấp công nhân trên lĩnh vực",Multiple Choice,kinh tế.,văn hóa.,chính trị - xã hội.,tư tưởng.,,3,30,
Xây dựng hệ giá trị mới: lao động; công bằng; dân chủ; bình đẳng và tự do là nhiệm vụ của giai cấp công nhân trên lĩnh vực,Multiple Choice,"văn hóa, tư tưởng.",kinh tế.,chính trị.,xã hội.,,1,30,
"Xây dựng và củng cố ý thức hệ tiên tiến của giai cấp công nhân, đấu tranh để khắc phục ý thức hệ tư sản và các tàn dư còn sót lại của các hệ tư tưởng cũ là nhiệm vụ của giai cấp công nhân trên lĩnh vực",Multiple Choice,kinh tế.,chính trị.,"văn hóa, tư tưởng.",xã hội.,,3,30,
"Tiếp thu có chọn lọc, trên tinh thần phê phán những tinh hoa giá trị, những thành tựu văn hóa tư tưởng của mọi thời đại, kể cả thời đại tư sản trong lịch sử văn hóa và văn minh của nhân loại là điều mà giai cấp công nhân cần chú ý khi thực hiện sứ mệnh của mình trong lĩnh vực nào dưới đây?",Multiple Choice,Kinh tế.,Chính trị.,Xã hội.,"Văn hóa, tư tưởng.",,4,30,
"Cải tạo cái cũ, lỗi thời, lạc hậu, xây dựng cái mới, tiến bộ trong lĩnh vực ý thức tư tưởng, trong tâm lí, lối sống và trong đời sống tinh thần xã hội là nhiệm vụ của giai cấp công nhân trong lĩnh vực",Multiple Choice,"tâm lí, ý thức.",chính trị.,"văn hóa, tư tưởng.",Kinh tế - xã hội.,,3,30,
"Xây dựng con người mới, đạo đức và lối sống mới xã hội chủ nghĩa là một trong những nhiệm vụ đặt ra đối với sứ mệnh lịch sử của giai cấp công nhân trong lĩnh vực nào dưới đây?",Multiple Choice,"Tâm lí, ý thức.","Văn hóa, tư tưởng.",Đạo đức.,Xã hội.,,2,30,
Sứ mệnh lịch sử của giai cấp công nhân không phải là thay thế chế độ sở hữu tư nhân này bằng một chế độ sở hữu tư nhân khác mà là,Multiple Choice,xoá bỏ một phần chế độ tư hữu về tư liệu sản xuất chủ yếu.,xoá bỏ hoàn toàn chế độ công hữu về tư liệu sản xuất chủ yếu.,xoá bỏ triệt để tư hữu về tư liệu sản xuất chủ yếu.,xoá bỏ phần lớn chế độ tư hữu về tư liệu sản xuất chủ yếu.,,3,30,
Mục tiêu cao nhất trong việc thực hiện sứ mệnh lịch sử thế giới của giai cấp công nhân là,Multiple Choice,giải phóng dân tộc khỏi ách áp bức của chủ nghĩa thực dân.,giải phóng nông dân khỏi chế độ phong kiến.,giải phóng con người.,"giành chính quyền, thiết lập nhà nước mới.",,3,30,
"Câu nói: ""Cùng với sự phát triển của đại công nghiệp (...) giai cấp tư sản sản sinh ra người đào huyệt chôn chính nó. Sự sụp đổ của giai cấp tư sản và thắng lợi của giai cấp vô sản đều là tất yếu như nhau"" phản ánh nội dung nào dưới đây?",Multiple Choice,Khẳng định tính tất yếu chủ quan trong sứ mệnh lịch sử của giai cấp công nhân.,Khẳng định tính tất yếu khách quan trong sứ mệnh lịch sử của giai cấp công nhân.,Khẳng định nguyện vọng được giải phóng mình của nhân dân lao động.,Nhấn mạnh vai trò của Đảng Cộng sản trong việc thực hiện sứ mệnh lịch sử thế giới của giai cấp công nhân.,,2,30,
Sứ mệnh lịch sử thế giới của giai cấp công nhân được quy định bởi,Multiple Choice,"địa vị kinh tế, chính trị - xã hội của giai cấp công nhân.",nguyện vọng của giai cấp công nhân.,sự lãnh đạo của Đảng Cộng sản đối với giai cấp công nhân.,nguyện vọng của nhân dân lao động.,,1,30,
"Giai cấp công nhân là sản phẩm của nền đại công nghiệp trong phương thức sản xuất tư bản chủ nghĩa, là chủ thể của quá trình sản xuất vật chất hiện đại, vì thế, giai cấp công nhân đại diện cho",Multiple Choice,phương thức sản xuất lỗi thời và lực lượng sản xuất hiện đại.,phương thức sản xuất tiên tiến và lực lượng sản xuất lạc hậu.,phương thức sản xuất tiên tiến và lực lượng sản xuất hiện đại.,phương thức sản xuất lỗi thời và lực lượng sản xuất lạc hậu.,,3,30,
"Giai cấp công nhân là sản phẩm của nền đại công nghiệp trong phương thức sản xuất tư bản chủ nghĩa, là chủ thể của quá trình sản xuất vật chất hiện đại, vì thế, giai cấp công nhân là lực lượng",Multiple Choice,"phá vỡ quan hệ sản xuất phong kiến, giành chính quyền về tay giai cấp mình.","phá vỡ quan hệ sản xuất xã hội chủ nghĩa, giành chính quyền về tay giai cấp mình.","phá vỡ quan hệ sản xuất tư bản chủ nghĩa, giành chính quyền cho giai cấp nông dân.","phá vỡ quan hệ sản xuất tư bản chủ nghĩa, giành chính quyền về tay giai cấp mình.",,4,30,
"Tinh thần đoàn kết, ý thức tổ chức kỉ luật cao là nội dung thể hiện",Multiple Choice,địa vị kinh tế - xã hội của giai cấp công nhân.,thói quen của giai cấp công nhân.,đặc điểm chính trị - xã hội của giai cấp công nhân.,đặc điểm vốn có của con người nói chung.,,3,30,
Phát biểu nào dưới đây không đúng về điều kiện khách quan quy định sứ mệnh lịch sử thế giới của giai cấp công nhân?,Multiple Choice,Giai cấp công nhân đại diện cho lực lượng sản xuất hiện đại.,Giai cấp công nhân đại diện cho phương thức sản xuất tiên tiến.,"Giai cấp công nhân là giai cấp đại biểu cho tương lai, cho xu thế đi lên của tiến trình phát triển lịch sử.",Giai cấp công nhân là giai cấp vô cùng nghèo khổ.,,4,30,
"Giai cấp công nhân đại diện cho lực lượng sản xuất hiện đại, là lực lượng quyết định phá vỡ",Multiple Choice,quan hệ sản xuất tư bản chủ nghĩa.,máy móc trong các nhà máy xí nghiệp của các nhà tư sản.,quan hệ giữa tư sản và các giai tầng khác trong xã hội tư bản chủ nghĩa.,chủ nghĩa tư bản độc quyền.,,1,30,
"Giai cấp nông dân không thể là giai cấp có sứ mệnh lịch sử thế giới xoá bỏ chế độ tư bản chủ nghĩa, xây dựng chế độ xã hội mới - cộng sản chủ nghĩa bởi",Multiple Choice,họ không đại diện cho phương thức sản xuất tiên tiến.,họ có tư tưởng sở hữu lớn.,họ có số lượng không đông đảo.,họ có hệ tư tưởng riêng nhưng thiếu tinh thần đoàn kết.,,1,30,
Nội dung nào dưới đây không phải là đặc điểm chính trị - xã hội của giai cấp công nhân?,Multiple Choice,Tiên phong cách mạng và có tinh thần cách mạng triệt để nhất.,Đại diện cho lực lượng sản xuất hiện đại.,Có bản chất quốc tế.,"Có ý thức, kỉ luật cao.",,2,30,
Nội dung nào dưới đây không phải là nguyên nhân của việc giai cấp công nhân có tính tổ chức kỉ luật cao?,Multiple Choice,Đặc thù môi trường làm việc là dây chuyền sản xuất công nghiệp.,Bản chất sẵn có của công nhân.,Sự quản lí chặt chẽ của giai cấp tư sản.,Yêu cầu của đấu tranh cách mạng.,,2,30,
Nội dung nào dưới đây không phải là điều kiện chủ quan quy định sứ mệnh lịch sử thế giới của giai cấp công nhân?,Multiple Choice,Sự lớn mạnh về số lượng của giai cấp công nhân.,Sự ra đời của Đảng Cộng sản - đội tiên phong của giai cấp công nhân.,Giai cấp công nhân đại diện cho phương thức sản xuất tiên tiến.,Giai cấp công nhân đã nhận thức được vai trò và trọng trách của giai cấp mình đối với lịch sử.,,3,30,
"Lực lượng ngày càng đông đảo, tỉ lệ và cơ cấu của giai cấp công nhân phù hợp với yêu cầu của sản xuất công nghiệp hiện đại và cơ cấu kinh tế là nội dung thể hiện sự phát triển của giai cấp công nhân về",Multiple Choice,chất lượng.,cơ cấu.,số lượng.,tổ chức.,,3,30,
"Tự giác nhận thức được vai trò và trọng trách của giai cấp mình đối với lịch sử, năng lực, trình độ làm chủ khoa học kĩ thuật và công nghệ hiện đại là nội dung thể hiện sự phát triển của giai cấp công nhân về",Multiple Choice,chất lượng.,số lượng.,cơ cấu.,tổ chức.,,1,30,
"Tổ chức nào dưới đây là đội tiên phong của giai cấp công nhân, đảm nhận vai trò lãnh đạo giai cấp công nhân và quần chúng nhân dân lao động tiến hành cuộc cách mạng nhằm xoá bỏ chế độ tư bản chủ nghĩa, chế độ người bóc lột người, xây dựng chế độ xã hội mới - cộng sản chủ nghĩa?",Multiple Choice,Nhà nước.,Mặt trận Tổ quốc.,Đảng Cộng sản.,Công đoàn.,,3,30,
"Theo quan điểm của chủ nghĩa Mác - Lênin, quy luật chung, phổ biến cho sự ra đời của Đảng Cộng sản là sự kết hợp giữa chủ nghĩa Mác - Lênin với",Multiple Choice,phong trào yêu nước.,phong trào công nhân.,phong trào giải phóng dân tộc.,phong trào cải cách.,,2,30,
"Lực lượng nào dưới đây là cơ sở xã hội và nguồn bổ sung lực lượng quan trọng nhất của Đảng, làm cho Đảng mang bản chất giai cấp công nhân, trở thành đội tiên phong, bộ tham mưu chiến đấu của lực lượng này?",Multiple Choice,Giai cấp công nhân.,Giai cấp nông dân.,Đội ngũ trí thức.,Tầng lớp doanh nhân.,,1,30,
"Tổ chức nào dưới đây là đại biểu trung thành cho lợi ích của giai cấp công nhân, của dân tộc và xã hội?",Multiple Choice,Công đoàn.,Đảng Cộng sản.,Đoàn Thanh niên.,Mặt trận Tổ quốc.,,2,30,
C. Mác và Ph. Ăngghen đã nhấn mạnh rằng: Giai cấp vô sản chỉ có thể hành động với tư cách là một giai cấp được khi giai cấp vô sản,Multiple Choice,liên minh được với giai cấp nông dân.,tự mình tổ chức thành một chính đảng độc lập của mình.,liên minh được với giai cấp vô sản ở các nước khác.,thành lập được tổ chức công đoàn ở các nhà máy xí nghiệp.,,2,30,
Điều kiện có ý nghĩa quyết định đối với việc hoàn thành sứ mệnh lịch sử của giai cấp công nhân là,Multiple Choice,phải thực hiện liên minh giai cấp.,phải đoàn kết với giai cấp vô sản quốc tế.,"phải có một đảng chính trị vững vàng, kiên định và sáng suốt.",phải có tổ chức đoàn thể trong mỗi nhà máy xí nghiệp.,,3,30,
"Trong quá trình thực hiện sứ mệnh lịch sử thế giới của mình, liên minh giai cấp giữa giai cấp công nhân với giai cấp nông dân và các tầng lớp nhân dân lao động khác trong xã hội là một tất yếu, do",Multiple Choice,giai cấp nông dân lãnh đạo.,đội ngũ trí thức lãnh đạo.,giai cấp công nhân lãnh đạo.,tầng lớp doanh nhân lãnh đạo.,,3,30,
Điều kiện chủ quan có vai trò quyết định nhất trong việc thực hiện sứ mệnh lịch sử thế giới của giai cấp công nhân là,Multiple Choice,sự tăng nhanh về số lượng.,giai cấp công nhân liên minh được với giai cấp nông dân.,sự phát triển cao về trình độ tay nghề.,"sự trưởng thành của giai cấp công nhân, đặc biệt là khi có Đảng tiên phong lãnh đạo.",,4,30,
Đảng Cộng sản là,Multiple Choice,tổ chức quản lí kinh tế - xã hội.,tổ chức chính trị cao nhất của toàn dân tộc.,tổ chức chính trị cao nhất của giai cấp nông dân.,tổ chức chính trị cao nhất của giai cấp công nhân.,,4,30,
Đảng Cộng sản Việt Nam ra đời là sự kết hợp giữa,Multiple Choice,chủ nghĩa yêu nước với phong trào công nhân.,chủ nghĩa Mác - Lênin với phong trào công nhân.,"chủ nghĩa Mác - Lênin, tư tưởng Hồ Chí Minh với phong trào công nhân.",Chủ nghĩa Mác - Lênin với phong trào công nhân và phong trào yêu nước.,,4,30,
"Đối với Đảng Cộng sản, giai cấp công nhân là cơ sở xã hội và là",Multiple Choice,lực lượng lãnh đạo Đảng.,đồng minh vững chắc của Đảng.,lực lượng cổ vũ phong trào đấu tranh của Đảng.,nguồn bổ sung lực lượng cho Đảng.,,4,30,
"Điền từ ngữ thích hợp vào chỗ trống: ... là cơ sở xã hội của Đảng Cộng sản, là .. của Đảng cộng sản.",Multiple Choice,Giai cấp công nhân; nguồn bổ sung lực lượng,Giai cấp công nhân; lực lượng lãnh đạo,Giai cấp nông nhân; đồng minh vững chắc,Giai cấp nông nhân; lực lượng cổ vũ phong trào đấu tranh,,1,30,
Điền từ ngữ thích hợp vào chỗ trống: Đảng Cộng sản Việt Nam ra đời là sản phẩm của sự kết hợp giữa chủ nghĩa Mác - Lênin với phong trào công nhân và ...........................................,Multiple Choice,phong trào yêu nước.,chủ nghĩa yêu nước.,truyền thống yêu nước.,lòng yêu nước.,,1,30,
Quan điểm nào sau đây không đúng về Đảng Cộng sản?,Multiple Choice,Đảng Cộng sản là nơi tập trung những người ưu tú nhất trong giai cấp công nhân.,Đảng Cộng sản là nơi tập trung những người giác ngộ cao nhất lí luận của chủ nghĩa Mác - Lênin.,Đảng Cộng sản là nơi tập trung những quần chúng nhân dân ưu tú nhất.,Đảng Cộng sản là nơi tập trung những trí thức xuất sắc nhất trong xã hội.,,4,30,
"Cải cách, đổi mới để xây dựng chủ nghĩa xã hội ở các nước xã hội chủ nghĩa, nơi giai cấp công nhân thông qua đội tiên phong của mình là Đảng Cộng sản đang cầm quyền, đây là sứ mệnh của giai cấp công nhân hiện nay trong lĩnh vực nào dưới đây?",Multiple Choice,Kinh tế.,Văn hóa.,Chính trị - xã hội.,Tư tưởng.,,3,30,
Mục tiêu đấu tranh trực tiếp của giai cấp công nhân và phong trào công nhân ở các nước tư bản hiện nay là,Multiple Choice,"giành chính quyền, thiết lập nhà nước.",xoá bỏ chế độ tư bản chủ nghĩa.,chống bất công và bất bình đẳng xã hội.,"xây dựng chế độ xã hội mới công bằng, bình đẳng.",,3,30,
Mục tiêu đấu tranh lâu dài của giai cấp công nhân và phong trào công nhân ở các nước tư bản hiện nay là,Multiple Choice,chống bất công và bất bình đẳng xã hội.,giành chính quyền về tay giai cấp công nhân và nhân dân lao động.,nâng cao vị thế của giai cấp công nhân.,"chống áp bức giai cấp, chống bóc lột giá trị thặng dư.",,2,30,
"Ở các nước xã hội chủ nghĩa, lãnh đạo thành công sự nghiệp đổi mới, giải quyết thành công các nhiệm vụ trong thời kì quá độ lên chủ nghĩa xã hội, thực hiện thành công sự nghiệp công nghiệp hóa, hiện đại hóa, đưa đất nước phát triển nhanh và bền vững là nhiệm vụ hiện nay của giai cấp công nhân trong lĩnh vực nào dưới đây?",Multiple Choice,Kinh tế.,Chính trị - xã hội.,Văn hóa.,Tư tưởng.,,2,30,
"Đấu tranh để bảo vệ nền tảng tư tưởng của Đảng Cộng sản, giáo dục nhận thức và củng cố niềm tin khoa học đối với lí tưởng, mục tiêu của chủ nghĩa xã hội cho giai cấp công nhân và nhân dân lao động,... là nhiệm vụ hiện nay của giai cấp công nhân trong lĩnh vực nào dưới đây?",Multiple Choice,Kinh tế.,"Văn hóa, tư tưởng.",Chính trị - xã hội.,Nhận thức.,,2,30,
"Cũng giống như thế kỉ XIX, ở các nước tư bản chủ nghĩa hiện nay, công nhân vẫn bị giai cấp tư sản và chủ nghĩa tư bản",Multiple Choice,bóc lột giá trị thặng dư.,bắt lao động trong điều kiện vô cùng khắc nghiệt.,trả lương không đủ để chi trả cho nhu cầu tối thiểu của cuộc sống hằng ngày.,"ép buộc lao động 14 tiếng, thậm chí 16 tiếng/ngày.",,1,30,
Nội dung nào dưới đây không đúng khi nói về sự tương đồng giữa công nhân hiện nay và công nhân thế kỉ XIX?,Multiple Choice,"Ở các nước tư bản, giai cấp công nhân hiện nay đã có được trung lưu hóa nên họ không còn sứ mệnh lịch sử thế giới nữa.",Giai cấp công nhân vẫn là lực lượng sản xuất hàng đầu trong xã hội hiện đại.,"Ở các nước tư bản, giai cấp công nhân vẫn bị giai cấp tư sản và chủ nghĩa tư bản bóc lột về giá trị thặng dư.","Phong trào cộng sản và công nhân ở nhiều nước vẫn là lực lượng đi đầu trong cuộc đấu tranh vì hoà bình, hợp tác và phát triển.",,1,30,
"Gắn liền với cách mạng khoa học và công nghệ hiện đại, với sự phát triển kinh tế tri thức, công nhân hiện đại có xu hướng",Multiple Choice,bần cùng hóa.,trí tuệ hóa.,tha hóa.,nông dân hóa.,,2,30,
"Ngày nay, công nhân được đào tạo chuẩn mực và thường xuyên được đào tạo lại, đáp ứng sự thay đổi nhanh chóng của công nghệ trong nền sản xuất, điều này đã làm xuất hiện xu hướng",Multiple Choice,bần cùng hóa giai cấp công nhân.,tha hóa giai cấp công nhân.,trí tuệ hóa giai cấp công nhân.,nông dân hóa giai cấp công nhân.,,3,30,
"Ở các nước xã hội chủ nghĩa, giai cấp công nhân đã trở thành",Multiple Choice,giai cấp có vai trò tương đối quan trọng đối với sự phát triển của xã hội.,giai cấp có vai trò ngày càng mờ nhạt đối với sự phát triển của xã hội.,giai cấp lãnh đạo thông qua tổ chức tiên phong của nó là Đảng Cộng sản.,giai cấp không còn vai trò lãnh đạo cách mạng.,,3,30,
Đại biểu cho giai cấp công nhân ngày nay là đội ngũ,Multiple Choice,công nhân nông nghiệp.,công nhân làm việc trong các công xưởng thủ công.,công nhân tri thức.,công nhân cơ khí.,,3,30,
"Hiện nay ở các nước tư bản, một bộ phận công nhân đã tham gia sở hữu một lượng tư liệu sản xuất của xã hội thông qua chế độ cổ phần hóa, từ đó làm xuất hiện xu hướng",Multiple Choice,bần cùng hóa giai cấp công nhân.,trí tuệ hóa giai cấp công nhân.,trung lưu hóa giai cấp công nhân.,hiện đại hóa giai cấp công nhân.,,3,30,
Quan điểm nào dưới đây là đúng khi nói về số lượng của giai cấp công nhân hiện nay?,Multiple Choice,"Số lượng lao động trực tiếp tăng, lao động gián tiếp giảm.",Số lượng lao động trực tiếp và gián tiếp cùng tăng.,"Số lượng lao động trực tiếp giảm, lao động gián tiếp tăng.",Số lượng lao động trực tiếp và gián tiếp cùng giảm.,,3,30,
"Có người cho rằng: Ở các nước tư bản phát triển hiện nay, đời sống của một bộ phận công nhân đã được nâng cao (có ô tô, có nhà cửa, có phương tiện sinh hoạt hiện đại, có cổ phần,...), như vậy, giai cấp công nhân ở các nước này không còn bị bóc lột nữa. Bạn đồng ý với quan điểm nào sau đây?",Multiple Choice,"Đúng, vì họ bắt đầu có sở hữu giống như các nhà tư bản.","Đúng, vì họ đã giàu và không còn là những người vô sản như trước.","Sai, vì cái mà họ được hưởng ít hơn các nhà tư bản.","Sai, vì họ vẫn phải bán sức lao động cho nhà tư bản để kiếm sống và bị bóc lột tinh vi hơn.",,4,30,
Quan điểm nào dưới đây không đúng về giai cấp công nhân hiện nay?,Multiple Choice,Làm việc trong môi trường kinh tế tri thức.,Đòi hỏi năng lực sáng tạo nhiều hơn.,Phải huy động trí tuệ vào sản xuất nhiều hơn là sức lao động cơ bắp.,Bị bóc lột ít hơn công nhân truyền thống.,,4,30,
Nội dung nào sau đây không phải là biện pháp điều hoà mâu thuẫn và xung đột xã hội của giai cấp tư sản?,Multiple Choice,Áp dụng phương thức quản lí mới.,Thực hiện chế độ cổ phần hóa.,Trợ cấp thất nghiệp cho công nhân.,Dừng bóc lột giá trị thặng dư.,,4,30,
"Điền từ ngữ thích hợp vào chỗ trống: ""Giai cấp công nhân Việt Nam là một lực lượng ..... to lớn, đang phát triển, bao gồm những người lao động ..... và ....., làm công hưởng lương trong các loại hình sản xuất kinh doanh và dịch vụ công nghiệp hoặc sản xuất, kinh doanh, dịch vụ có tính chất công nghiệp"" (Hội nghị lần thứ sáu của Ban Chấp hành Trung ương khóa X).",Multiple Choice,"chính trị, chân tay, trí óc.","chính trị, cơ bắp, trí tuệ.","xã hội, cơ bắp, trí tuệ.","xã hội, chân tay, trí óc.",,4,30,
Giai cấp công nhân Việt Nam ra đời gắn liền với,Multiple Choice,chính sách ngu dân của thực dân Pháp ở Việt Nam.,chính sách chia để trị của thực dân Pháp ở Việt Nam.,chính sách khai thác thuộc địa của thực dân Pháp ở Việt Nam.,chính sách khai hóa văn minh của thực dân Pháp ở Việt Nam.,,3,30,
"Cuối thế kỉ XIX - đầu thế kỉ XX, giai cấp công nhân Việt Nam có lợi ích đối kháng trực tiếp với",Multiple Choice,tư sản Việt Nam.,thực dân Pháp.,bè lũ tay sai của thực dân Pháp.,địa chủ Việt Nam.,,2,30,
"Sinh ra và lớn lên ở một nước thuộc địa nửa phong kiến, dưới ách thống trị của thực dân Pháp, giai cấp công nhân Việt Nam",Multiple Choice,phát triển nhanh.,có trình độ cao.,phát triển chậm.,có lực lượng vô cùng đông đảo.,,3,30,
Đặc trưng chính trị ưu trội của công nhân Việt Nam không chỉ thể hiện ở ý thức giai cấp và lập trường chính trị mà còn thể hiện,Multiple Choice,tinh thần giai cấp.,tinh thần dân tộc.,tinh thần lao động.,ý thức tổ chức kỉ luật.,,2,30,
Nguyên nhân nào dưới đây tạo thành động lực thúc đẩy đoàn kết giai cấp gắn liền với đoàn kết dân tộc trong mọi thời kì đấu tranh cách mạng ở Việt Nam?,Multiple Choice,Lợi ích dân tộc tách rời lợi ích giai cấp công nhân.,Lợi ích giai cấp công nhân và lợi ích dân tộc gắn chặt với nhau.,Lợi ích giai cấp công nhân cao hơn lợi ích dân tộc.,Toàn thể dân tộc tập trung giải quyết vấn đề lợi ích của giai cấp công nhân.,,2,30,
Nội dung nào dưới đây là lí do quyết định giai cấp công nhân Việt Nam sớm trở thành lực lượng chính trị độc lập và giữ vai trò lãnh đạo cách mạng?,Multiple Choice,Có mối quan hệ gắn bó với nông dân.,Hình thành được chính đảng thực sự cách mạng.,Kế thừa truyền thống yêu nước bất khuất của dân tộc.,Có số lượng đông và đi đầu trong các cuộc đấu tranh.,,2,30,
"Tham gia phát triển nền kinh tế thị trường hiện đại, định hướng xã hội chủ nghĩa, lấy khoa học - công nghệ làm động lực quan trọng, quyết định tăng năng suất lao động, chất lượng và hiệu quả là nội dung sứ mệnh của giai cấp công nhân Việt Nam hiện nay trên phương diện",Multiple Choice,Chính trị - xã hội.,tư tưởng.,văn hóa.,kinh tế.,,4,30,
"Giữ vững bản chất giai cấp công nhân của Đảng, vai trò tiên phong, gương mẫu của cán bộ đảng viên, tăng cường xây dựng, chỉnh đốn Đảng là những nội dung chính yếu, nổi bật, thể hiện sứ mệnh lịch sử giai cấp công nhân trên phương diện",Multiple Choice,kinh tế.,văn hóa.,tư tưởng.,chính trị - xã hội.,,4,30,
"Xây dựng và phát triển nền văn hóa Việt Nam tiên tiến, đậm đà bản sắc dân tộc là nội dung thể hiện sứ mệnh lịch sử hiện nay của giai cấp công nhân Việt Nam trên phương diện",Multiple Choice,chính trị,xã hội,"văn hóa, tư tưởng",kinh tế,,3,30,
Cách hiểu nào dưới đây không đúng về chủ nghĩa xã hội?,Multiple Choice,"Là một phong trào thực tiễn, phong trào đấu tranh của nhân dân lao động chống các giai cấp thống trị.","Là trào lưu tư tưởng, lí luận phản ánh lí tưởng giải phóng nhân dân lao động khỏi áp bức, bóc lột, bất công.","Là một chế độ xã hội hiện thực tốt đẹp, giai đoạn đầu của hình thái kinh tế - xã hội cộng sản chủ nghĩa.","Là một khoa học nghiên cứu về những quy luật chung nhất của tự nhiên, xã hội và tư duy.",,4,30,
Tác phẩm Phê phán cương lĩnh Gôta của,Multiple Choice,Ph. Ăngghen.,C. Mác và Ph. Ăngghen.,C. Mác.,V.I. Lênin.,,3,30,
"Điền từ ngữ thích hợp vào chỗ trống: ""Giữa xã hội tư bản chủ nghĩa và xã hội cộng sản chủ nghĩa là một thời kì cải biến cách mạng từ xã hội nọ sang xã hội kia. Thích ứng với thời kì ấy là một ..... chính trị, và nhà nước của thời kì ấy không thể là cái gì khác hơn là nền chuyên chính cách mạng của giai cấp vô sản"" (C. Mác).",Multiple Choice,giai đoạn.,thời kì quá độ.,hình thái.,thể chế.,,2,30,
"Điền từ ngữ thích hợp vào chỗ trống: Lênin cho rằng: ""về lí luận, không thể nghi ngờ gì được rằng giữa chủ nghĩa tư bản và chủ nghĩa cộng sản, có một................................nhất định"".",Multiple Choice,thời kì cách mạng.,thời kì chuyển giao.,thời kì cải biến,thời kì quá độ.,,4,30,
"Từ thực tiễn nước Nga, V.I. Lênin cho rằng: Đối với những nước chưa có chủ nghĩa tư bản phát triển cao, cần phải có một thời kì quá độ",Multiple Choice,khá nhanh chóng từ chủ nghĩa tư bản lên chủ nghĩa xã hội.,khá lâu dài từ chủ nghĩa tư bản lên chủ nghĩa xã hội.,rất nhanh từ chủ nghĩa tư bản lên chủ nghĩa xã hội.,rất lâu dài và gian khổ từ chủ nghĩa tư bản lên chủ nghĩa xã hội.,,4,30,
"Theo các nhà sáng lập chủ nghĩa xã hội khoa học, quá độ lên chủ nghĩa xã hội có hai hình thức là",Multiple Choice,nhanh và chậm.,đơn giản và phức tạp.,trực tiếp và gián tiếp.,sớm và muộn.,,3,30,
"Điền từ ngữ thích hợp vào chỗ trống: Lênin viết: ""Với sự giúp đỡ của giai cấp vô sản các nước tiên tiến, các nước lạc hậu có thể tiến tới chế độ Xô viết, và qua những giai đoạn phát triển nhất định, tiến tới chủ nghĩa cộng sản, không phải trải qua .... phát triển tư bản chủ nghĩa"".",Multiple Choice,chế độ.,giai đoạn.,quá trình.,hình thức.,,2,30,
Nội dung nào dưới đây không phải là điều kiện dẫn tới sự ra đời của chủ nghĩa xã hội?,Multiple Choice,Sự phát triển của lực lượng sản xuất.,Mong muốn chủ quan của giai cấp công nhân.,Sự trưởng thành của giai cấp công nhân.,Quan hệ sản xuất tư bản chủ nghĩa trở nên lỗi thời.,,2,30,
"Giải phóng giai cấp, giải phóng dân tộc, giải phóng xã hội, giải phóng con người, tạo điều kiện để con người phát triển toàn diện là đặc trưng của",Multiple Choice,Chủ nghĩa tư bản.,Xã hội phong kiến.,Chủ nghĩa xã hội.,Xã hội chiếm hữu nô lệ.,,3,30,
Đặc trưng nào dưới đây thể hiện sự khác biệt về CHẤT giữa chủ nghĩa xã hội với các chế độ xã hội khác?,Multiple Choice,Có quan hệ sản xuất phù hợp với lực lượng sản xuất.,"Là chế độ giải phóng giai cấp, giải phóng dân tộc, giải phóng xã hội, giải phóng con người.","Có nền văn hóa phát triển cao, kế thừa và phát huy những giá trị của văn hóa dân tộc và tinh hoa văn hóa nhân loại.","Bảo đảm, đoàn kết giữa các dân tộc.",,2,30,
Nội dung nào dưới đây là đặc trưng về phương diện kinh tế của chủ nghĩa xã hội?,Multiple Choice,Có nền kinh tế phát triển cao dựa trên lực lượng sản xuất hiện đại và chế độ công hữu về tư liệu sản xuất.,"Phát triển lực lượng sản xuất, đẩy mạnh công nghiệp hóa, hiện đại hóa.",Có nền kinh tế phát triển cao dựa trên lực lượng sản xuất hiện đại và chế độ công hữu về tư liệu sản xuất chủ yếu.,"Xác lập chế độ công hữu về tư liệu sản xuất, tổ chức lao động theo trình độ cao hơn.",,3,30,
"Khi phân tích về thời kì quá độ lên chủ nghĩa xã hội, người đầu tiên đặt vấn đề phải học tập các kinh nghiệm tổ chức, quản lí kinh tế của chủ nghĩa tư bản để cải tạo nền kinh tế tiểu nông lạc hậu là",Multiple Choice,C. Mác.,V.I. Lênin.,Ph. Ăngghen.,Hồ Chí Minh.,,2,30,
"Ai là người đưa ra quan điểm: ""Trong một nước tiểu nông, trước hết các đồng chí phải bắc những chiếc cầu nhỏ vững chắc, đi xuyên qua chủ nghĩa tư bản nhà nước, tiến lên chủ nghĩa xã hội""?",Multiple Choice,C. Mác.,Ph. Ăngghen.,Hồ Chí Minh.,V.I. Lênin.,,4,30,
"Ai cho rằng: ""Dùng cả hai tay mà lấy những cái tốt của nước ngoài: Chính quyền Xô viết + trật tự ở đường sắt Phổ + kĩ thuật và cách tổ chức các tơ-rớt ở Mỹ + ngành giáo dục quốc dân Mỹ etc. etc.++ = Σ (tổng số) = chủ nghĩa xã hội""?",Multiple Choice,C. Mác.,Ph. Ăngghen.,V.I. Lênin.,Hồ Chí Minh.,,3,30,
"Trong chế độ xã hội chủ nghĩa, nhà nước mang bản chất của giai cấp, tầng lớp nào dưới đây?",Multiple Choice,Nhân dân lao động.,Tầng lớp trí thức.,Giai cấp công nhân.,Giai cấp tư sản.,,3,30,
"Nhà nước kiểu mới thực hiện dân chủ cho tuyệt đại đa số nhân dân và trấn áp bọn bóc lột, bọn áp bức nhân dân bằng vũ lực là",Multiple Choice,nhà nước chiếm hữu nô lệ.,nhà nước phong kiến.,nhà nước vô sản.,nhà nước tư sản.,,3,30,
"""Người ta chỉ có thể trở thành người cộng sản khi biết làm giàu trí óc của mình bằng sự hiểu biết tất cả những kho tàng tri thức mà nhân loại đã tạo ra"" là câu nói của",Multiple Choice,V.I. Lênin.,C. Mác.,Ph. Ăngghen.,Hồ Chí Minh.,,1,30,
Người đầu tiên đưa chủ nghĩa xã hội từ lí thuyết thành thực tiễn sinh động là,Multiple Choice,C. Mác.,V.I. Lênin.,I.V. Stalin.,Hồ Chí Minh.,,2,30,
Ai là người đưa ra tư tưởng độc lập dân tộc gắn liền với chủ nghĩa xã hội?,Multiple Choice,V.I. Lênin.,Đặng Tiểu Bình.,Phạm Văn Đồng.,Hồ Chí Minh.,,4,30,
"Câu nói: ""Chủ nghĩa xã hội hay là chết"" là của",Multiple Choice,V.I. Lênin.,Fidel Castro.,Hồ Chí Minh.,Đặng Tiểu Bình.,,2,30,
"Điền từ ngữ thích hợp để hoàn thành đoạn trích trong tác phẩm Hệ tư tưởng Đức của C. Mác: ""Đối với chúng ta, chủ nghĩa cộng sản không phải là một ..... cần phải sáng tạo ra, không phải là một.......... mà hiện thực phải khuôn theo. Chúng ta gọi chủ nghĩa cộng sản là một phong trào .......... nó xoá bỏ trạng thái hiện nay"".",Multiple Choice,"lí tưởng, trạng thái, hiện thực.","trạng thái, hiện thực, lí tưởng.","trạng thái, lí tưởng, hiện thực.","hiện thực, lí tưởng, trạng thái.",,3,30,
"Điền từ thích hợp vào chỗ trống: ""Vậy thì danh từ.........có nghĩa là gì? Vận dụng vào kinh tế, có phải nó có nghĩa là trong chế độ hiện nay có những thành phần, những bộ phận, những mảnh của cả chủ nghĩa tư bản lẫn chủ nghĩa xã hội? Bất cứ ai cũng đều thừa nhận là có"" (V.I. Lênin).",Multiple Choice,quá độ.,nhảy vọt.,phát triển.,đan xen.,,1,30,
Nội dung nào dưới đây là đặc điểm nổi bật của thời kì quá độ lên chủ nghĩa xã hội?,Multiple Choice,Sự xác lập vai trò thống trị của giai cấp công nhân thông qua đội tiên phong là Đảng Cộng sản.,Xây dựng thành công chủ nghĩa xã hội.,"Tiến hành công nghiệp hóa, hiện đại hóa đất nước, xây dựng cơ sở vật chất - kĩ thuật cho chủ nghĩa xã hội.",Sự đan xen vừa thống nhất vừa đấu tranh giữa những yếu tố của xã hội cũ và những nhân tố mới của chủ nghĩa xã hội.,,4,30,
Nội dung nào dưới đây là thực chất của thời kì quá độ?,Multiple Choice,Thời kì tiếp tục cuộc đấu tranh của giai cấp công nhân chống giai cấp tư sản.,Thời kì cải biến cách mạng từ xã hội tiền tư bản và tư bản chủ nghĩa sang xã hội xã hội chủ nghĩa.,"Thời kì giai cấp công nhân phát triển kinh tế, xây dựng cơ sở vật chất - kĩ thuật cho chủ nghĩa xã hội.","Thời kì giai cấp công nhân tiến hành công nghiệp hóa, hiện đại hóa đất nước.",,2,30,
Nội dung nào dưới đây là đặc điểm kinh tế của thời kì quá độ lên chủ nghĩa xã hội?,Multiple Choice,"Tiến hành công nghiệp hóa, hiện đại hóa đất nước.",Tồn tại nền kinh tế nhiều thành phần.,Tồn tại duy nhất thành phần kinh tế tập thể.,Phát triển lực lượng sản xuất.,,2,30,
Nội dung nào dưới đây không phải là đặc điểm chính trị của thời kì quá độ lên chủ nghĩa xã hội?,Multiple Choice,"Thiết lập, tăng cường chuyên chính vô sản.",Giai cấp công nhân nắm và sử dụng quyền lực nhà nước trấn áp giai cấp tư sản.,Tồn tại nhiều tư tưởng khác nhau.,Giai cấp công nhân tổ chức xây dựng và bảo vệ chế độ mới.,,3,30,
Tiếp tục cuộc đấu tranh giai cấp giữa giai cấp vô sản đã chiến thắng nhưng chưa hoàn toàn chiến thắng với giai cấp tư sản đã thất bại nhưng chưa phải thất bại hoàn toàn là đặc điểm của thời kì quá độ trên phương diện,Multiple Choice,kinh tế.,"tư tưởng, văn hóa.",chính trị.,xã hội.,,3,30,
"Nội dung nào dưới đây là đặc điểm trên lĩnh vực tư tưởng, văn hóa của thời kì quá độ lên chủ nghĩa xã hội?",Multiple Choice,"Tồn tại nhiều giai cấp, tầng lớp.",Tồn tại nhiều tư tưởng khác nhau.,Tồn tại sự khác biệt giữa lao động trí óc và lao động chân tay.,Tồn tại nhiều thành phần kinh tế đối lập.,,2,30,
"Giai cấp công nhân từng bước xây dựng văn hóa vô sản, nền văn hóa mới xã hội chủ nghĩa, tiếp thu giá trị văn hóa dân tộc và tinh hoa văn hóa nhân loại, bảo đảm đáp ứng nhu cầu văn hóa tinh thần ngày càng tăng của nhân dân là đặc điểm của thời kì quá độ trên phương diện",Multiple Choice,chính trị.,kinh tế.,"tư tưởng, văn hóa.",xã hội.,,3,30,
Nội dung nào dưới đây không phải là đặc điểm trên lĩnh vực xã hội của thời kì quá độ lên chủ nghĩa xã hội?,Multiple Choice,Tồn tại nhiều tư tưởng khác nhau.,"Tồn tại sự khác biệt giữa thành thị, nông thôn.",Tồn tại sự khác biệt giữa lao động trí óc và lao động chân tay.,"Tồn tại nhiều hủ tục, tệ nạn xã hội.",,1,30,
Nội dung nào dưới đây là con đường phát triển của cách mạng Việt Nam được Chủ tịch Hồ Chí Minh nêu ra trong Chánh cương vắn tắt của Đảng?,Multiple Choice,Làm cách mạng dân tộc dân chủ nhân dân để đi thẳng tới chế độ cộng sản chủ nghĩa.,Làm tư sản dân quyền cách mạng và thổ địa cách mạng để đi tới xã hội cộng sản.,Làm thổ địa cách mạng và tư sản dân quyền cách mạng để đi tới xã hội cộng sản.,Làm tư sản dân quyền và thổ địa cách mạng để đi thẳng tới xã hội xã hội chủ nghĩa và cộng sản chủ nghĩa.,,2,30,
Con đường quá độ bỏ qua chế độ tư bản chủ nghĩa ở Việt Nam được đề cập lần đầu tiên ở văn kiện nào dưới đây của Đảng?,Multiple Choice,Cương lĩnh chính trị đầu tiên của Đảng tháng 2 năm 1930.,Luận cương chính trị tháng 10 năm 1930.,Chính cương của Đảng Lao động tháng 2 năm 1951.,Cương lĩnh xây dựng đất nước trong thời kì quá độ lên chủ nghĩa xã hội tháng 6 năm 1991.,,1,30,
Con đường cách mạng Việt Nam là quá độ lên chủ nghĩa xã hội bỏ qua chế độ tư bản chủ nghĩa là tất yếu vì,Multiple Choice,phù hợp với đặc điểm của đất nước và xu thế phát triển của thời đại.,Đảng Cộng sản Việt Nam đã có đường lối đúng đắn.,sự phát triển của lực lượng sản xuất.,đáp ứng được nguyện vọng và mong ước của nhân dân ta.,,1,30,
Thời kì quá độ lên chủ nghĩa xã hội trên phạm vi cả nước ta bắt đầu từ năm,Multiple Choice,1945.,1954.,1975.,1986.,,3,30,
"Quan điểm: Lấy nông nghiệp làm mặt trận hàng đầu trong chặng đường đầu tiên của thời kì quá độ, được Đảng ta nêu tại",Multiple Choice,Đại hội IV.,Đại hội V.,Đại hội VI.,Đại hội VII.,,2,30,
"Cương lĩnh xây dựng đất nước trong thời kì quá độ lên chủ nghĩa xã hội (1991) đã xác định mô hình chủ nghĩa xã hội ở nước ta có sáu đặc trưng, được Đảng Cộng sản Việt Nam thông qua tại",Multiple Choice,Đại hội VI.,Đại hội VIII.,Đại hội VII.,Đại hội IX.,,3,30,
Nội dung nào dưới đây không phải là đặc trưng của chủ nghĩa xã hội mà Đảng Cộng sản Việt Nam xác định trong Cương lĩnh xây dựng đất nước trong thời kì quá độ lên chủ nghĩa xã hội (1991)?,Multiple Choice,"Có Nhà nước pháp quyền xã hội chủ nghĩa của nhân dân, do nhân dân, vì nhân dân do Đảng Cộng sản lãnh đạo.",Do nhân dân lao động làm chủ.,Có một nền kinh tế phát triển cao dựa trên lực lượng sản xuất hiện đại và chế độ công hữu về các tư liệu sản xuất chủ yếu.,"Có nền văn hóa tiên tiến, đậm đà bản sắc dân tộc.",,1,30,
"Nhận thức của Đảng Cộng sản Việt Nam về chủ nghĩa xã hội và con đường đi lên chủ nghĩa xã hội không chỉ dừng ở nhận thức định hướng, định tính mà từng bước đạt tới trình độ định hình, định lượng tại",Multiple Choice,Đại hội VI.,Đại hội VII.,Đại hội VIII.,Đại hội IX.,,2,30,
"Tại Đại hội Đảng nào dưới đây, Đảng Cộng sản Việt Nam xác định: ""... thời kì phát triển mới - đẩy mạnh công nghiệp hóa, hiện đại hóa đất nước""?",Multiple Choice,Đại hội VI (1986).,Đại hội VII (1991).,Đại hội VIII (1996).,Đại hội IX (2001).,,3,30,
"Quá độ lên chủ nghĩa xã hội, bỏ qua chế độ tư bản chủ nghĩa là bỏ qua yếu tố nào dưới đây của chủ nghĩa tư bản?",Multiple Choice,Bỏ qua nhà nước của giai cấp tư sản và bỏ qua việc xác lập vị trí thống trị của kiến trúc thượng tầng tư bản chủ nghĩa.,Bỏ qua cơ sở kinh tế và kiến trúc thượng tầng tư bản chủ nghĩa.,Bỏ qua việc xác lập vị trí thống trị của quan hệ sản xuất tư bản chủ nghĩa.,Bỏ qua việc xác lập vị trí thống trị của quan hệ sản xuất và kiến trúc thượng tầng tư bản chủ nghĩa.,,4,30,
"Đẩy mạnh công nghiệp hóa, hiện đại hóa đất nước gắn với phát triển kinh tế tri thức, bảo vệ tài nguyên, môi trường là phương hướng xây dựng chủ nghĩa xã hội được Đảng Cộng sản Việt Nam đề ra tại",Multiple Choice,Đại hội VI.,Đại hội VII.,Đại hội VIII.,Đại hội IX.,,4,30,
Tám đặc trưng của xã hội xã hội chủ nghĩa mà nhân dân ta đang xây dựng được thể hiện trong văn kiện nào dưới đây của Đảng Cộng sản Việt Nam?,Multiple Choice,Văn kiện Đại hội Đảng toàn quốc lần thứ VI (12/1986).,Văn kiện Đại hội Đảng toàn quốc lần thứ VII (6/1991).,Văn kiện Đại hội Đảng toàn quốc lần thứ IX (4/2001).,Văn kiện Đại hội Đảng toàn quốc lần thứ XI (2011).,,4,30,
"Điền từ ngữ thích hợp vào chỗ trống: Tại Đại hội Đại biểu toàn quốc lần thứ XI, Đảng Cộng sản Việt Nam đã khẳng định: Xã hội xã hội chủ nghĩa là xã hội ""dân giàu, nước mạnh, ...... công bằng, văn minh"".",Multiple Choice,bình đẳng.,dân chủ.,hạnh phúc.,tự do.,,2,30,
Nguyên tắc phân phối cơ bản của thời kì quá độ lên chủ nghĩa xã hội là,Multiple Choice,theo nhu cầu.,theo cổ phần.,theo lao động.,theo nguyên tắc bình quân chủ nghĩa.,,3,30,
Tại Đại hội Đại biểu toàn quốc nào dưới đây của Đảng Cộng sản Việt Nam được gọi là Đại hội Đổi mới đất nước?,Multiple Choice,Đại hội IV.,Đại hội V.,Đại hội VI.,Đại hội VIII.,,3,30,
Nội dung nào dưới đây không phải là đặc điểm cơ bản của thời kì quá độ bỏ qua chế độ tư bản chủ nghĩa lên chủ nghĩa xã hội ở Việt Nam?,Multiple Choice,"Xuất phát từ một xã hội thuộc địa nửa phong kiến, với lực lượng sản xuất thấp.",Thời đại ngày nay vẫn là thời đại quá độ từ chủ nghĩa tư bản lên chủ nghĩa xã hội.,Cuộc cách mạng khoa học và công nghệ hiện đại đang diễn ra mạnh mẽ.,"Giao thoa, tiếp biến văn hóa đang diễn ra mạnh mẽ.",,4,30,
Nội dung nào dưới đây không phải là phương hướng xây dựng chủ nghĩa xã hội ở Việt Nam hiện nay được xác định trong Cương lĩnh xây dựng đất nước trong thời kì quá độ lên chủ nghĩa xã hội (bổ sung và phát triển năm 2011)?,Multiple Choice,Phát triển nền kinh tế thị trường định hướng xã hội chủ nghĩa.,"Bảo đảm vững chắc quốc phòng và an ninh quốc gia, trật tự, an toàn xã hội.",Có quan hệ hữu nghị và hợp tác với các nước trên thế giới.,"Xây dựng Đảng trong sạch, vững mạnh.",,3,30,
Nội dung nào dưới đây là đặc trưng thể hiện mục tiêu của xã hội xã hội chủ nghĩa mà nhân dân ta đang xây dựng?,Multiple Choice,Do nhân dân làm chủ.,"Dân giàu, nước mạnh, dân chủ, công bằng, văn minh.",Có nền văn hóa tiên tiến đậm đà bản sắc dân tộc.,"Có nhà nước pháp quyền xã hội chủ nghĩa của nhân dân, do nhân dân và vì nhân dân.",,2,30,
Nội dung nào dưới đây không phải là phương hướng xây dựng chủ nghĩa xã hội ở nước ta hiện nay?,Multiple Choice,"Đẩy mạnh công nghiệp hóa, hiện đại hóa đất nước gắn với phát triển kinh tế tri thức, bảo vệ tài nguyên, môi trường.",Phát triển nền kinh tế thị trường định hướng xã hội chủ nghĩa.,"Đổi mới căn bản, toàn diện nền giáo dục.","Xây dựng Đảng trong sạch, vững mạnh.",,3,30,
Nội dung nào dưới đây không phải là mối quan hệ lớn được Đại hội XII xác định cần nhận thức và giải quyết?,Multiple Choice,Giữa giữ gìn bản sắc và tiếp thu tinh hoa văn hóa nhân loại.,Giữa đổi mới kinh tế và đổi mới chính trị.,"Giữa đổi mới, ổn định và phát triển.","Giữa Đảng lãnh đạo, Nhà nước quản lí và nhân dân làm chủ.",,1,30,
“Dân chủ là dân là chủ và dân làm chủ” là quan điểm của,Multiple Choice,C. Mác.,Ph. Ăngghen.,V.I. Lênin,Hồ Chí Minh.,,4,30,
"Theo quan niệm từ thời cổ đại, dân chủ là",Multiple Choice,quyền bình đẳng tuyệt đối của con người.,quyền lực thuộc về nhân dân.,quyền lực thuộc về thiểu số người trong xã hội.,quyền tự do không giới hạn của mỗi người.,,2,30,
Quan niệm nào sau đây không đúng về dân chủ?,Multiple Choice,Dân chủ là quyền tự do tuyệt đối của con người.,Dân chủ là một trong những nguyên tắc tổ chức quản lí nhà nước.,Dân chủ là một giá trị chung của nhân loại.,Dân chủ là một hình thái nhà nước.,,1,30,
"Theo quan niệm của chủ nghĩa Mác - Lênin, dân chủ phản ánh cuộc đấu tranh của nhân dân lao động chống lại áp bức, cường quyền, vì thế dân chủ được coi là một",Multiple Choice,yếu tố xã hội.,giá trị xã hội.,tổ chức xã hội.,thành phần xã hội.,,2,30,
"""Quyền lực thuộc về nhân dân, nhân dân tự tổ chức và thực hiện trước hết và chủ yếu là thông qua nhà nước của mình"" là nội dung của khái niệm nào dưới đây?",Multiple Choice,Bình đẳng.,Hạnh phúc.,Dân chủ.,Tự do.,,3,30,
Nền dân chủ xuất hiện khi,Multiple Choice,Có xã hội loài người,Có nhà nước vô sản,Có nhà nước.,Có công cụ lao động,,3,30,
"Mức độ, phạm vi tham gia thật sự của quần chúng nhân dân vào công việc quản lí nhà nước phản ánh",Multiple Choice,cấu trúc của nền dân chủ.,trình độ phát triển của nền dân chủ.,quá trình đấu tranh giành dân chủ.,sự ra đời của nền dân chủ.,,2,30,
"Dân chủ có sự ra đời, tồn tại và phát triển trong một giai đoạn nhất định và sẽ mất đi khi trong xã hội không còn giai cấp, vì thế, dân chủ là một",Multiple Choice,yếu tố văn hóa.,thành phần của xã hội.,phạm trù giai cấp.,phạm trù lịch sử.,,4,30,
"Trên phương diện quyền lực, dân chủ là",Multiple Choice,một hình thức hay hình thái nhà nước.,một nguyên tắc - nguyên tắc dân chủ.,quyền lực thuộc về nhân dân.,"một quan niệm - quan niệm về dân chủ, về tinh thần dân chủ.",,3,30,
"Trên phương diện chế độ xã hội và trong lĩnh vực chính trị, dân chủ là",Multiple Choice,một hình thức hay hình thái nhà nước.,quyền lực thuộc về nhân dân.,một nguyên tắc - nguyên tắc dân chủ.,"một quan niệm - quan niệm về dân chủ, về tinh thần dân chủ.",,1,30,
"Trên phương diện tư tưởng, dân chủ là",Multiple Choice,quyền lực thuộc về nhân dân.,một hình thức hay hình thái nhà nước.,"một quan niệm - quan niệm về dân chủ, về tinh thần dân chủ.",một nguyên tắc - nguyên tắc dân chủ.,,3,30,
"Trên phương diện tổ chức và quản lí xã hội, dân chủ là",Multiple Choice,quyền lực thuộc về nhân dân.,một nguyên tắc - nguyên tắc dân chủ.,một hình thức hay hình thái nhà nước.,"một quan niệm - quan niệm về dân chủ, về tinh thần dân chủ.",,2,30,
"Câu nói: ""Chế độ ta là chế độ dân chủ, tức là nhân dân là người chủ, mà chính phủ là người đầy tớ trung thành của nhân dân"" là của ai?",Multiple Choice,Hồ Chí Minh.,Võ Nguyên Giáp.,Phạm Văn Đồng.,Nguyễn Phú Trọng.,,1,30,
"Điền từ ngữ thích hợp vào chỗ trống để hoàn thiện khẳng định sau của Đảng Cộng sản Việt Nam: ""Trong toàn bộ hoạt động của mình, Đảng phải quán triệt tư tưởng ....., xây dựng và phát huy quyền làm chủ của nhân dân lao động"".",Multiple Choice,lấy dân làm nền tảng.,lấy dân làm đích.,lấy dân làm chỗ dựa.,lấy dân làm gốc.,,4,30,
Trong chế độ cộng sản nguyên thuỷ đã xuất hiện hình thức manh nha của dân chủ mà Ph. Ăngghen gọi là,Multiple Choice,dân chủ công xã.,dân chủ sơ khai.,dân chủ nguyên thuỷ.,dân chủ cộng sản.,,3,30,
"Với tư cách là một hình thái nhà nước, một chế độ chính trị, lịch sử nhân loại có ba nền dân chủ là",Multiple Choice,"dân chủ chủ nô, dân chủ phong kiến và dân chủ tư sản.","dân chủ chủ nô, dân chủ tư sản và dân chủ xã hội chủ nghĩa.","dân chủ nguyên thuỷ, dân chủ phong kiến và dân chủ tư sản.","dân chủ nguyên thuỷ, dân chủ tư sản và dân chủ xã hội chủ nghĩa.",,2,30,
Hình thái kinh tế - xã hội nào dưới đây không có nền dân chủ?,Multiple Choice,Phong kiến.,Chiếm hữu nô lệ.,Tư bản chủ nghĩa.,Cộng sản chủ nghĩa.,,1,30,
Nền dân chủ nào dưới đây là nền dân chủ rộng rãi nhất trong lịch sử?,Multiple Choice,Dân chủ cộng sản nguyên thuỷ.,Dân chủ chủ nô.,Dân chủ tư sản.,Dân chủ xã hội chủ nghĩa.,,4,30,
Dân chủ xã hội chủ nghĩa là nền dân chủ mang bản chất của,Multiple Choice,giai cấp công nhân và đội ngũ trí thức,giai cấp công nhân.,giai cấp công nhân và giai cấp nông dân.,giai cấp tư sản và giai cấp tiểu tư sản.,,2,30,
Dân chủ xã hội chủ nghĩa là nền dân chủ do,Multiple Choice,Đảng cầm quyền lãnh đạo.,Đảng của nhân dân lãnh đạo.,Đảng của giai cấp công nhân lãnh đạo.,Đảng của trí thức lãnh đạo.,,3,30,
"Nền dân chủ xã hội chủ nghĩa dựa trên hệ tư tưởng của giai cấp, tầng lớp nào sau đây?",Multiple Choice,Giai cấp nông dân.,Giai cấp tư sản.,Tầng lớp trí thức.,Giai cấp công nhân.,,4,30,
"Nền dân chủ cao hơn về chất so với nền dân chủ tư sản, ở đó mọi quyền lực thuộc về nhân dân, dân là chủ và dân làm chủ, dân chủ và pháp luật nằm trong sự thống nhất biện chứng; được thực hiện bằng Nhà nước pháp quyền xã hội chủ nghĩa, đặt dưới sự lãnh đạo của Đảng Cộng sản là nền dân chủ",Multiple Choice,nguyên thuỷ.,chủ nô.,phong kiến.,xã hội chủ nghĩa.,,4,30,
"Khái niệm ""dân chủ xã hội chủ nghĩa"" đồng nghĩa với thuật ngữ nào dưới đây?",Multiple Choice,Dân chủ nguyên thuỷ.,Dân chủ chủ nô.,Dân chủ vô sản.,Dân chủ tư sản.,,3,30,
Nền dân chủ xã hội chủ nghĩa về cơ bản thống nhất với khái niệm nào dưới đây?,Multiple Choice,Chuyên chính vô sản.,Chủ nghĩa xã hội.,Xã hội xã hội chủ nghĩa.,Chính đảng của giai cấp công nhân.,,1,30,
"Không ngừng mở rộng dân chủ, nâng cao mức độ giải phóng cho những người lao động, thu hút họ tham gia tự giác vào công việc quản lí nhà nước, quản lí xã hội là",Multiple Choice,nguyên tắc cơ bản của nền dân chủ chủ nô.,nguyên tắc cơ bản của nền dân chủ xã hội chủ nghĩa.,nguyên tắc cơ bản của nền dân chủ tư sản.,nội dung cơ bản của nền dân chủ xã hội chủ nghĩa.,,4,30,
Nền dân chủ xã hội chủ nghĩa trên thế giới chính thức được xác lập gắn với sự kiện nào sau đây?,Multiple Choice,Cách mạng tháng Mười Nga (1917).,Công xã Pari ra đời (1871).,Cách mạng tháng Hai Nga (1917).,Cách mạng tháng Tám ở Việt Nam (1945).,,1,30,
Nội dung nào dưới đây không phải là đặc trưng cơ bản của nền dân chủ xã hội chủ nghĩa?,Multiple Choice,Đảm bảo quyền lực thuộc về nhân dân.,Có cơ sở kinh tế là chế độ công hữu về tư liệu sản xuất chủ yếu của xã hội.,"Thực hiện dân chủ với mọi tầng lớp, mọi giai cấp trong xã hội.","Kết hợp hài hoà lợi ích cá nhân, tập thể và xã hội.",,3,30,
Cơ sở kinh tế của nền dân chủ xã hội chủ nghĩa là,Multiple Choice,chế độ công hữu về những tư liệu sản xuất chủ yếu của xã hội.,nền kinh tế hàng hóa nhiều thành phần.,chế độ sở hữu tư nhân về tư liệu sản xuất.,nền kinh tế thị trường xã hội chủ nghĩa.,,1,30,
"Điền từ ngữ thích hợp vào chỗ trống: Dân chủ xã hội chủ nghĩa là nền dân chủ ........ so với nền dân chủ tư sản, là nền dân chủ mà ở đó mọi quyền lực thuộc về nhân dân, ......, dân chủ và pháp luật nằm trong sự thống nhất biện chứng, được thực hiện bằng ........... , đặt dưới sự lãnh đạo của Đảng Cộng sản.",Multiple Choice,cao hơn về chất; dân là chủ và dân làm chủ; Nhà nước pháp quyền xã hội chủ nghĩa.,"cao nhất; của dân, do dân, vì dân; quyền lực nhà nước.","tuyệt đối; dân bàn, dân làm, dân kiểm tra; Hiến pháp và pháp luật.","tuyệt đối; dân bàn, dân làm, dân kiểm tra; Hiến pháp và pháp luật.",,1,30,
"Điền từ ngữ thích hợp vào chỗ trống để hoàn thiện nhận định trong tác phẩm Phê phán cương lĩnh Gôta: ""Quyền không bao giờ có thể ở mức độ cao hơn chế độ ..... và sự phát triển văn hóa của xã hội do chế độ .... đó quyết định"".",Multiple Choice,Kinh tế,Chính trị,Xã hội,Nhà nước,,1,30,
"Trong việc thực hiện quyền dân chủ trên lĩnh vực chính trị, công dân sẽ không thực hiện hành vi nào sau đây?",Multiple Choice,Ứng cử và bầu cử.,"Kiểm tra, thanh tra mọi hoạt động của nhà nước.",Tham gia quản lí nhà nước.,Tham gia giám sát mọi hoạt động của nhà nước.,,2,30,
"""Thực hành dân chủ là cái chìa khóa vạn năng có thể giải quyết mọi khó khăn"" là câu nói của",Multiple Choice,V.I. Lênin.,Mao Trạch Đông.,Phạm Văn Đồng.,Hồ Chí Minh.,,4,30,
"Điền từ ngữ thích hợp vào chỗ trống để hoàn thiện khẳng định của Đảng Cộng sản Việt Nam trong Cương lĩnh năm 1991: ""Dân chủ gắn liền với ...... xã hội phải được thực hiện trong thực tế cuộc sống trên tất cả các lĩnh vực chính trị, kinh tế, văn hóa, xã hội thông qua hoạt động của Nhà nước do nhân dân cử ra và bằng các hình thức dân chủ....""",Multiple Choice,bình đẳng; trục tiếp.,công bằng; trực tiếp.,công bằng; gián tiếp.,bình đẳng; gián tiếp.,,2,30,
"Điền từ ngữ thích hợp vào chỗ trống để hoàn thiện khẳng định của Đảng Cộng sản Việt Nam trong Cương lĩnh năm 1991: ""Dân chủ đi đôi với .. , kỉ cương, phải được thể chế hóa bằng ..... và ...... bảo đảm"".",Multiple Choice,kỉ luật; hiến pháp; hiến pháp.,kỉ luật; pháp luật; pháp luật.,đảm bảo; pháp luật; pháp luật.,đảm bảo; hiến pháp; hiến pháp.,,2,30,
Nền dân chủ xã hội chủ nghĩa có sự kết hợp hài hoà về,Multiple Choice,"quan điểm giữa cá nhân, tập thể với toàn xã hội.","lợi ích giữa cá nhân, tập thể với lợi ích của toàn xã hội.","văn hóa giữa cá nhân, tập thể với toàn xã hội.","nhận thức giữa cá nhân, tập thể với toàn xã hội.",,2,30,
Chế độ dân chủ nhân dân ở nước ta được xác lập,Multiple Choice,sau khi Đảng Cộng sản Việt Nam ra đời năm 1930.,sau Cách mạng tháng Tám năm 1945.,sau chiến thắng Điện Biên Phủ năm 1954.,sau đại thắng mùa xuân năm 1975.,,2,30,
"Đảng Cộng sản Việt Nam khẳng định: ""Trong toàn bộ hoạt động của mình, Đảng phải quán triệt tư tưởng ""lấy dân làm gốc"", xây dựng và phát huy quyền làm chủ của nhân dân lao động"" trong Đại hội nào dưới đây?",Multiple Choice,Đại hội IV.,Đại hội V.,Đại hội VI.,Đại hội VII.,,3,30,
"Đảng Cộng sản Việt Nam khẳng định: ""Chúng ta xác định mối quan hệ Đảng lãnh đạo, nhân dân làm chủ, nhà nước quản lí thành cơ chế chung trong quản lí toàn bộ xã hội"" trong Đại hội nào dưới đây?",Multiple Choice,Đại hội VI.,Đại hội VIII.,Đại hội VII.,Đại hội IX.,,3,30,
Định hướng nào dưới đây không phải là định hướng nhằm phát huy dân chủ xã hội chủ nghĩa ở Việt Nam?,Multiple Choice,"Hoàn thiện thể chế kinh tế thị trường định hướng xã hội chủ nghĩa, tạo ra cơ sở kinh tế vững chắc.","Xây dựng Đảng Cộng sản Việt Nam trong sạch, vững mạnh với tư cách là điều kiện tiên quyết để xây dựng nền dân chủ xã hội chủ nghĩa.",Phát huy vai trò của các tổ chức chính trị - xã hội bằng cách tách các tổ chức này ra ngoài hệ thống chính trị nhằm tăng tính độc lập của các tổ chức.,"Xây dựng và từng bước hoàn thiện các hệ thống giám sát, phản biện xã hội, phát huy quyền làm chủ của nhân dân.",,3,30,
Nguyên nhân nào dưới đây dẫn tới sự xuất hiện của nhà nước?,Multiple Choice,Sự xuất hiện chế độ tư bản chủ nghĩa và phân chia giai cấp.,Sự xuất hiện của chế độ phong kiến và phân chia giai cấp.,Sự xuất hiện của chế độ tư hữu và phân chia giai cấp.,Sự xuất hiện của chế độ xã hội chủ nghĩa và phân chia giai cấp.,,3,30,
"Căn cứ vào tính chất của quyền lực, nhà nước có chức năng nào dưới đây?",Multiple Choice,Chức năng đối nội và chức năng đối ngoại.,Chức năng quản lí kinh tế và quản lí chính trị.,Chức năng giai cấp và chức năng xã hội.,Chức năng lãnh đạo và chức năng giám sát.,,3,30,
"Căn cứ vào phạm vi tác động của quyền lực, nhà nước có chức năng nào dưới đây?",Multiple Choice,Chức năng quản lí kinh tế và quản lí chính trị.,Chức năng giai cấp và chức năng xã hội.,Chức năng lãnh đạo và chức năng giám sát.,Chức năng đối nội và chức năng đối ngoại.,,4,30,
"Căn cứ vào lĩnh vực tác động của quyền lực, nhà nước có",Multiple Choice,chức năng đối nội và chức năng đối ngoại.,chức năng giai cấp và chức năng xã hội.,chức năng lãnh đạo và chức năng giám sát.,"chức năng chính trị, kinh tế, văn hóa.",,4,30,
"Trong xã hội có giai cấp, nhà nước luôn mang bản chất của",Multiple Choice,giai cấp có lực lượng đông đảo nhất.,giai cấp có trình độ cao nhất.,giai cấp thống trị xã hội.,giai cấp đại diện cho lực lượng sản xuất tiên tiến.,,3,30,
Nhà nước tư sản mang bản chất của giai cấp,Multiple Choice,chủ nô.,địa chủ.,tư sản.,công nhân.,,3,30,
Nhà nước xã hội chủ nghĩa mang bản chất của giai cấp,Multiple Choice,Công nhân.,Chủ nô.,Địa chủ.,Tư sản.,,1,30,
"Nhà nước xã hội chủ nghĩa vừa có tính nhân dân rộng rãi và tính dân tộc sâu sắc, vừa có bản chất của giai cấp",Multiple Choice,công nhân.,địa chủ.,tư sản.,chủ nô.,,1,30,
"Bản chất của nhà nước xã hội chủ nghĩa chịu sự quy định của cơ sở kinh tế xã hội chủ nghĩa, đó là",Multiple Choice,quan hệ sở hữu tư nhân về tư liệu sản xuất chủ yếu.,vừa quan hệ sở hữu tư nhân vừa quan hệ sở hữu xã hội về tư liệu sản xuất chủ yếu.,quan hệ sở hữu xã hội về tư liệu sản xuất chủ yếu.,chủ yếu là quan hệ sở hữu xã hội về tư liệu sản xuất.,,3,30,
"Về văn hóa, xã hội, nhà nước xã hội chủ nghĩa được xây dựng trên nền tảng tinh thần là",Multiple Choice,tư tưởng Hồ Chí Minh về chủ nghĩa xã hội.,"lí luận của chủ nghĩa Mác - Lênin và những giá trị văn hóa tiên tiến của nhân loại, đồng thời mang bản sắc riêng của dân tộc.","tư tưởng Hồ Chí Minh về chủ nghĩa xã hội và những giá trị văn hóa tiên tiến của nhân loại, đồng thời mang bản sắc riêng của dân tộc.",lí luận của chủ nghĩa Mác - Lênin và những giá trị văn hóa tiên tiến của nhân loại.,,2,30,
Nhà nước của giai cấp bóc lột thực hiện chức năng nào dưới đây là chủ yếu?,Multiple Choice,Chức năng đối nội.,Chức năng bạo lực trấn áp.,Chức năng đối ngoại.,"Chức năng tổ chức, xây dựng.",,2,30,
"Nhà nước xã hội chủ nghĩa trong thời kì quá độ thực hiện chức năng bạo lực trấn áp, nhưng đó là sự trấn áp của",Multiple Choice,thiểu số bóc lột với nhân dân lao động.,nhân dân lao động đối với thiểu số bóc lột.,nhân dân lao động với lực lượng chậm tiến.,giai cấp bóc lột đối với thiểu số chậm tiến.,,2,30,
"Câu nói ""Bất cứ một nhà nước nào cũng đều có nghĩa là dùng bạo lực; nhưng toàn bộ sự khác nhau là ở chỗ dùng bạo lực đối với những người bị bóc lột hay đối với kẻ đi bóc lột"" là của",Multiple Choice,C. Mác.,Ph. Ăngghen.,V.I. Lênin.,Hồ Chí Minh.,,3,30,
Nội dung chủ yếu và mục đích cuối cùng của nhà nước xã hội chủ nghĩa là,Multiple Choice,bạo lực trấn áp đối với thiểu số bóc lột.,"bạo lực trấn áp đối với thiểu số bóc lột, cải tạo xã hội cũ.","cải tạo xã hội cũ, xây dựng thành công xã hội mới.","cải tạo xã hội cũ, đưa giai cấp công nhân lên địa vị làm chủ.",,3,30,
"Nhà nước mà ở đó sự thống trị chính trị thuộc về giai cấp công nhân, do cách mạng xã hội chủ nghĩa sản sinh ra và có sứ mệnh xây dựng thành công chủ nghĩa xã hội, đưa nhân dân lao động lên địa vị làm chủ trên tất cả các mặt của đời sống xã hội trong một xã hội phát triển cao là nhà nước",Multiple Choice,cộng sản chủ nghĩa.,tư sản.,phong kiến.,xã hội chủ nghĩa.,,4,30,
Nhà nước xã hội chủ nghĩa hiện thực đầu tiên được thành lập ở,Multiple Choice,Trung Quốc.,Liên Xô.,Cu Ba.,Việt Nam.,,2,30,
"Đảng Cộng sản Việt Nam rút ra bốn bài học chủ yếu, trong đó có bài học: ""Đổi mới phải dựa vào nhân dân, vì lợi ích của nhân dân, phù hợp với thực tiễn, luôn luôn sáng tạo"" tại Đại hội nào dưới đây?",Multiple Choice,Đại hội VI (1986).,Đại hội VII (1991).,Đại hội IX (2001).,Đại hội VIII (1996).,,1,30,
Thành tố dân chủ xã hội chủ nghĩa đã được đưa vào tên của chủ đề Đại hội nào của Đảng Cộng sản Việt Nam?,Multiple Choice,Đại hội VIII (1996).,Đại hội X (2006).,Đại hội XI (2011).,Đại hội XII (2016).,,2,30,
Các quy chế dân chủ từ cơ sở cho đến Trung ương và trong các tổ chức chính trị - xã hội đều thực hiện phương châm,Multiple Choice,"""dân biết, dân làm, dân kiểm tra"".","""dân biết, dân tham gia, dân làm, dân kiểm tra"".","""dân biết, dân bàn, dân làm, dân kiểm tra"".","""dân bàn, dân tham gia, dân kiểm tra"".",,3,30,
"Nhà nước pháp quyền xã hội chủ nghĩa Việt Nam được lãnh đạo bởi tổ chức, cơ quan nào dưới đây?",Multiple Choice,Quốc hội.,Mặt trận Tổ quốc.,Đảng Cộng sản Việt Nam.,Các tổ chức chính trị-xã hội.,,3,30,
Nhà nước pháp quyền xã hội chủ nghĩa Việt Nam là nhà nước,Multiple Choice,"của dân, do dân, vì dân, do công nhân lãnh đạo.","của dân, do dân, vì dân, do Đảng Cộng sản Việt Nam lãnh đạo.","của dân, do dân, vì dân, do nông dân lãnh đạo.","có lợi ích giữa cá nhân, tập thể và lợi ích của toàn xã hội.",,2,30,
"Nhà nước pháp quyền xã hội chủ nghĩa Việt Nam mang bản chất của giai cấp, tầng lớp nào sau đây?",Multiple Choice,Công nhân.,Công nhân và nông dân.,Nông dân và đội ngũ tri thức.,"Tất cả các giai cấp, tầng lớp trong xã hội.",,1,30,
Tổ chức nào dưới đây đóng vai trò trụ cột trong hệ thống chính trị ở nước ta hiện nay?,Multiple Choice,Nhà nước cộng hoà xã hội chủ nghĩa Việt Nam.,Đảng Cộng sản Việt Nam.,Mặt trận Tổ quốc.,Các tổ chức chính trị - xã hội.,,1,30,
Quyền lực Nhà nước pháp quyền xã hội chủ nghĩa Việt Nam là,Multiple Choice,"thống nhất, không có sự phân công và phối hợp giữa ba cơ quan: lập pháp, hành pháp và tư pháp.","không thống nhất nhưng có sự phân công và phối hợp giữa ba cơ quan: lập pháp, hành pháp và tư pháp.","thống nhất, có sự phân công và phối hợp giữa ba cơ quan: lập pháp, hành pháp và tư pháp.","có sự phân chia độc lập, rõ ràng giữa ba cơ quan: lập pháp, hành pháp và tư pháp.",,3,30,
Nội dung nào dưới đây không phải là định hướng nhằm tiếp tục xây dựng và hoàn thiện Nhà nước pháp quyền xã hội chủ nghĩa ở Việt Nam?,Multiple Choice,Cải cách thể chế và phương thức hoạt động của Nhà nước.,"Xây dựng đội ngũ cán bộ, công chức trong sạch, có năng lực.","Đấu tranh phòng, chống tham nhũng, lãng phí, thực hành tiết kiệm.",Xây dựng Nhà nước pháp quyền xã hội chủ nghĩa đặt dưới sự lãnh đạo của nhân dân.,,4,30,
"Ở Việt Nam, thuật ngữ ""Nhà nước pháp quyền xã hội chủ nghĩa Việt Nam"" lần đầu tiên được nêu ra ở",Multiple Choice,Đại hội đại biểu toàn quốc khóa VI của Đảng (1986).,Hội nghị đại biểu Trung ương 3 khóa VI (1989).,Hội nghị đại biểu toàn quốc giữa nhiệm kì khóa VII (1994).,Đại hội đại biểu toàn quốc khóa VII (1991).,,3,30,
"Điền từ ngữ thích hợp vào chỗ trống: ""Nước ta là nước dân chủ, nghĩa là nước nhà do nhân dân làm chủ. Nhân dân có quyền lợi làm chủ, thì phải có ... làm tròn bổn phận công dân"" (Hồ Chí Minh).",Multiple Choice,trách nhiệm.,nghĩa vụ.,trình độ để.,khả năng để.,,2,30,
Nhà nước pháp quyền xã hội chủ nghĩa quản lí mọi mặt của đời sống xã hội chủ yếu bằng,Multiple Choice,"đường lối, chính sách.","tuyên truyền, giáo dục.","báo chí, truyền thông.","hiến pháp, pháp luật.",,4,30,
Mục tiêu nào dưới đây không phải là mục tiêu của Nhà nước pháp quyền xã hội chủ nghĩa Việt Nam?,Multiple Choice,"Phục vụ nhân dân, lắng nghe ý kiến của nhân dân.",Thực hiện đầy đủ các quyền làm chủ của nhân dân.,Gắn bó mật thiết với nhân dân.,Kiểm soát chặt chẽ mọi mặt đời sống của nhân dân.,,4,30,
Yếu tố nào dưới đây là quan trọng nhất đối với việc phát huy quyền làm chủ của người dân?,Multiple Choice,Nâng cao đời sống văn hóa tinh thần cho người dân.,Nâng cao trình độ dân trí cho người dân.,Nâng cao đời sống vật chất của người dân.,Nâng cao bản lĩnh làm chủ cho người dân.,,4,30,
Những cộng đồng người cùng toàn bộ những mối quan hệ xã hội do sự tác động lẫn nhau của các cộng đồng ấy tạo nên là nội dung thể hiện khái niệm nào dưới đây?,Multiple Choice,Dân tộc.,Dân cư.,Cơ cấu xã hội.,Cộng đồng.,,3,30,
"Tập hợp những cộng đồng người hình thành, phát triển theo các nghề nghiệp khác nhau là kết quả của sự phát triển sản xuất, phân công lao động là nội dung thể hiện khái niệm nào dưới đây?",Multiple Choice,Cơ cấu xã hội - kinh tế.,Cơ cấu xã hội - nghề nghiệp.,Cơ cấu xã hội - nhân khẩu.,Cơ cấu xã hội - dân cư.,,2,30,
"Tập hợp những cộng đồng người có cùng đức tin tôn giáo dựa trên nền tảng giáo lí, giáo luật và thực hành các nghi lễ tôn giáo là",Multiple Choice,Cơ cấu xã hội - tôn giáo.,Cơ cấu xã hội - kinh tế.,Cơ cấu xã hội - nhân khẩu.,Cơ cấu xã hội - dân cư.,,1,30,
"Tập hợp những cộng đồng người được hình thành lâu dài trong lịch sử và tương đối ổn định, gắn kết chặt chẽ với nhau về kinh tế, lãnh thổ, văn hóa, ngôn ngữ là nội dung thể hiện khái niệm nào dưới đây?",Multiple Choice,Cơ cấu xã hội - dân tộc.,Cơ cấu xã hội - kinh tế.,Cơ cấu xã hội - nghề nghiệp.,Cơ cấu xã hội - nhân khẩu.,,1,30,
"Bộ phận cơ bản và quan trọng nhất trong cơ cấu xã hội, liên quan trực tiếp đến các đảng phái chính trị, nhà nước, sở hữu tư liệu sản xuất cũng như địa vị xã hội của con người trong hệ thống sản xuất, tổ chức lao động và phân phối lợi ích xã hội là",Multiple Choice,Cơ cấu xã hội - nghề nghiệp.,Cơ cấu xã hội - nhân khẩu.,Cơ cấu xã hội - dân tộc.,Cơ cấu xã hội - giai cấp.,,4,30,
"Để dự báo xu hướng vận động và phát triển của dân số ở những giai đoạn lịch sử nhất định và tác động của nó đến sự phát triển mọi mặt của một quốc gia, cần nghiên cứu cơ cấu xã hội nào dưới đây?",Multiple Choice,Cơ cấu xã hội - dân số.,Cơ cấu xã hội - nghề nghiệp.,Cơ cấu xã hội - tôn giáo.,Cơ cấu xã hội - dân tộc.,,1,30,
"Trong xã hội có giai cấp, cơ cấu nào dưới đây có vị trí quyết định nhất, chi phối các loại hình cơ cấu xã hội khác?",Multiple Choice,Cơ cấu xã hội - nghề nghiệp.,Cơ cấu xã hội - dân số.,Cơ cấu xã hội - giai cấp.,Cơ cấu xã hội - dân tộc.,,3,30,
"Tổng thể các giai cấp, tầng lớp xã hội tồn tại khách quan trong một chế độ xã hội nhất định, thông qua những mối quan hệ về sở hữu tư liệu sản xuất, về tổ chức quản lí quá trình sản xuất, về địa vị chính trị - xã hội,... giữa các giai cấp và tầng lớp, đó là nội dung thể hiện khái niệm nào dưới đây?",Multiple Choice,Cơ cấu xã hội - kinh tế.,Cơ cấu xã hội - giai cấp.,Cơ cấu xã hội - nghề nghiệp.,Cơ cấu xã hội - nhân khẩu.,,2,30,
"Cơ cấu xã hội nào dưới đây đề cập tới mối quan hệ về sở hữu tư liệu sản xuất, về tổ chức quản lí, về địa vị chính trị - xã hội?",Multiple Choice,Cơ cấu xã hội - nghề nghiệp.,Cơ cấu xã hội - giai cấp.,Cơ cấu xã hội - dân cư.,Cơ cấu xã hội - tôn giáo.,,2,30,
"Để xây dựng chính sách phát triển kinh tế, văn hóa, xã hội phù hợp cho từng giai cấp, tầng lớp trong từng giai đoạn lịch sử cụ thể cần căn cứ vào",Multiple Choice,Cơ cấu xã hội - giai cấp.,Cơ cấu xã hội - nghề nghiệp.,Cơ cấu xã hội - dân cư.,Cơ cấu xã hội - tôn giáo.,,1,30,
Nội dung nào dưới đây không phải là sự biến đổi có tính quy luật của cơ cấu xã hội - giai cấp trong thời kì quá độ lên chủ nghĩa xã hội?,Multiple Choice,Cơ cấu xã hội - giai cấp biến đổi gắn liền và bị quy định bởi cơ cấu kinh tế.,"Cơ cấu xã hội - giai cấp biến đổi phức tạp, đa dạng, làm xuất hiện các tầng lớp xã hội mới.","Cơ cấu xã hội - giai cấp biến đổi trong mối quan hệ vừa đấu tranh, vừa liên minh, dẫn đến sự xích lại gần nhau giữa các giai tầng trong xã hội.","Cơ cấu xã hội - giai cấp biến đổi và chịu sự tác động của sự biến đổi dân số, tôn giáo.",,4,30,
"Thời kì quá độ lên chủ nghĩa xã hội có cơ cấu xã hội - giai cấp với nhiều giai cấp, tầng lớp khác nhau vì",Multiple Choice,tồn tại nhiều nghề nghiệp và phân công lao động khác nhau.,tồn tại nhiều đức tin tôn giáo.,tồn tại nhiều dân tộc khác nhau.,tồn tại nhiều hình thức sở hữu và nhiều thành phần kinh tế.,,4,30,
"Trong thời kì quá độ lên chủ nghĩa xã hội, giai cấp, tầng lớp nào dưới đây giữ vai trò chủ đạo trong cơ cấu xã hội - giai cấp?",Multiple Choice,Công nhân.,Nông dân.,Trí thức.,Doanh nhân.,,1,30,
"Sự liên kết, hợp tác, hỗ trợ nhau giữa các giai cấp, tầng lớp chủ yếu có lợi ích cơ bản thống nhất và cũng có thể có lợi ích cơ bản đối kháng là nội dung thể hiện khái niệm nào dưới đây",Multiple Choice,Đấu tranh giai cấp.,"Liên minh giai cấp, tầng lớp.","Liên hiệp giai cấp, tầng lớp.","Đoàn kết giai cấp, tầng lớp.",,2,30,
Sự biến đổi của cơ cấu xã hội - giai cấp gắn liền và được quy định bởi sự biến đổi của cơ cấu nào dưới đây?,Multiple Choice,Cơ cấu dân số.,Cơ cấu kinh tế.,Cơ cấu dân tộc.,Cơ cấu dân cư.,,2,30,
"“Trong thời đại chuyên chính vô sản, các giai cấp vẫn tồn tại, nhưng bộ mặt của mỗi một giai cấp đều có thay đổi, quan hệ qua lại giữa các giai cấp cũng biến đối. Cuộc đấu tranh giai cấp chưa chấm dứt dưới thời chuyên chính vô sản, nó chỉ diễn biến ra dưới những hình thức khác mà thôi” là câu nói của",Multiple Choice,C. Mác.,V.I. Lênin.,Ph. Ăngghen.,Hồ Chí Minh.,,2,30,
"Khi khẳng định “một hình thức đặc biệt của liên minh giai cấp giữa giai cấp vô sản, đội tiên phong của người lao động, với đông đảo những tầng lớp lao động không phải vô sản”, V.I. Lênin muốn nói đến khái niệm nào dưới đây?",Multiple Choice,Nhà nước.,Chuyên chính vô sản.,Hiệp hội.,Công đoàn.,,2,30,
"“Nếu không liên minh với nông dân thì không thể có được chính quyền của giai cấp vô sản, không thể nghĩ được đến việc duy trì chính quyền đó...” là câu nói của ai?",Multiple Choice,C. Mác.,V.I. Lênin.,Ph. Ăngghen.,Hồ Chí Minh.,,2,30,
"Giai cấp, tầng lớp nào dưới đây được coi là “người bạn đồng minh tự nhiên” của giai cấp công nhân?",Multiple Choice,Tư sản.,Trí thức.,Nông dân.,Doanh nhân.,,3,30,
"Trong luận điểm: “Trước sự liên minh của các đại biểu khoa học, giai cấp vô sản và giới kĩ thuật, không một thế lực đen tối nào đứng vũng được”, V.I. Lênin đã nhấn mạnh tới vai trò của giai cấp, tầng lớp nào dưới đây trong khối liên minh giai cấp?",Multiple Choice,Doanh nhân.,Trí thức.,Tư sản.,Nông dân.,,2,30,
"Theo V.I. Lênin, để giai cấp vô sản giữ được vai trò lãnh đạo và chính quyền nhà nước, nguyên tắc cao nhất của chuyên chính là duy trì khối liên minh giữa",Multiple Choice,giai cấp vô sản và tầng lớp doanh nhân.,giai cấp nông dân và giai cấp tư sản.,giai cấp vô sản và nông dân.,tầng lớp doanh nhân và đội ngũ trí thức.,,3,30,
"Trong quá trình xây dựng chủ nghĩa xã hội, liên minh giữa giai cấp công nhân, giai cấp nông dân và tầng lớp trí thức trong lĩnh vực nào dưới đây giữ vai trò quyết định?",Multiple Choice,Chính trị.,Văn hóa.,Kinh tế.,Tư tưởng.,,3,30,
"Yếu tố nào dưới đây quyết định sự liên minh giữa giai cấp công nhân, giai cấp nông dân và tầng lớp trí thức?",Multiple Choice,Mong muốn của giai cấp công nhân.,Cùng một kẻ thù là giai cấp tư sản.,Có nhũng lợi ích cơ bản thống nhất với nhau.,Mục tiêu về chính trị của giai cấp công nhân.,,3,30,
"Câu nói “Vô sản tất cả các nước và các dân tộc bị áp bức, đoàn kết lại” là của",Multiple Choice,C. Mác.,Ph.Ăngghen.,Hồ Chí Minh.,V.I. Lênin.,,4,30,
"Trong thời kì quá độ lên chủ nghĩa xã hội, các giai cấp, tầng lớp liên minh với nhau trên những lĩnh vực nào dưới đây?",Multiple Choice,"Kinh tế, chính trị, xã hội.","Kinh tế, chính trị, tôn giáo.","Kinh tế, văn hóa, xã hội.","Kinh tế, chính trị, văn hóa - xã hội.",,4,30,
Lực lượng nào dưới đây được Đảng ta coi là lực lượng đặc biệt và chủ trương xây dựng thành lực lượng vững mạnh trong giai đoạn hiện nay?,Multiple Choice,Doanh nhân.,Trí thức.,Thanh niên.,Công nhân.,,1,30,
"Trong thời kì quá độ lên chủ nghĩa xã hội, giai cấp, tầng lớp nào dưới đây có xu hướng giảm dần về số lượng và tỉ lệ trong cơ cấu xã hội giai cấp?",Multiple Choice,Nông dân.,Trí thức.,Công nhân.,Doanh nhân.,,1,30,
"Đảng ta xác định xây dựng vững mạnh giai cấp, tầng lớp nào dưới đây là trực tiếp nâng tầm trí tuệ của dân tộc, sức mạnh của đất nước, nâng cao năng lực lãnh đạo của Đảng và chất lượng hoạt động của hệ thống chính trị?",Multiple Choice,Trí thức.,Công nhân.,Doanh nhân.,Thanh niên.,,1,30,
"Giai cấp, tầng lớp nào dưới đây được coi là rường cột của nước nhà, chủ nhân tương lai của đất nước?",Multiple Choice,Thanh niên.,Phụ nữ.,Trí thức.,Doanh nhân.,,1,30,
"Xét dưới góc độ kinh tế, nội dung nào dưới đây không phải là nguyên nhân của liên minh giai cấp trong thời kì quá độ lên chủ nghĩa xã hội?",Multiple Choice,Yêu cầu khách quan của đấu tranh giành chính quyền.,"Yêu cầu khách quan của quá trình công nghiệp hóa, hiện đại hóa.",Sự chuyển dịch cơ cấu kinh tế.,"Nhu cầu lợi ích kinh tế của các giai cấp, tầng lóp.",,1,30,
"Sự biến đổi đa dạng, phức tạp của cơ cấu xã hội - giai cấp ở Việt Nam trong thời kì quá độ lên chủ nghĩa xã hội là do",Multiple Choice,chuyển đổi cơ chế kinh tế kế hoạch hóa tập trung sang kinh tế thị trường.,duy trì cơ chế kế hoạch hóa tập trung quan liêu bao cấp.,"sự đa dạng của văn hóa, tôn giáo, tín ngưỡng.",sự đa dạng về tộc người.,,1,30,
"Giai cấp, tầng lớp nào hiện nay không còn trong cơ cấu xã hội - giai cấp ở Việt Nam?",Multiple Choice,Nông dân.,Trí thức.,Địa chủ.,Công nhân.,,3,30,
Nội dung nào dưới đây không phải là vai trò của giai cấp công nhân trong thời kì quá độ lên chủ nghĩa xã hội ở Việt Nam?,Multiple Choice,Là giai cấp lãnh đạo.,Là giai cấp đại diện cho phương thức sản xuất mới.,Là lực lượng lao động sáng tạo đặc biệt.,Là lực lượng nòng cốt trong khối liên minh giai cấp.,,3,30,
"Trong thời kì quá độ lên chủ nghĩa xã hội ở Việt Nam, giai cấp, tầng lớp nào dưới đây được coi là lực lượng lao động sáng tạo đặc biệt quan trọng?",Multiple Choice,Nông dân.,Doanh nhân.,Trí thức.,Công nhân.,,3,30,
"Vấn đề liên minh giai cấp công nhân với giai cấp nông dân và đội ngũ trí thức, được Đảng ta khắng định lần đầu tiên tại",Multiple Choice,Đại hội đại biểu toàn quốc lần thứ III (1960).,Đại hội đại biểu toàn quốc lần thứ II (1951).,Đại hội đại biểu toàn quốc lần thứ IV (1976).,Đại hội đại biểu toàn quốc lần thứ V (1982).,,1,30,
"Hiện nay ở nước ta, giai cấp, tầng lớp nào dưới đây giữ vai trò lãnh đạo khối liên minh?",Multiple Choice,Doanh nhân.,Công nhân.,Trí thức.,Nông dân.,,2,30,
"Liên minh giữa các giai cấp, tầng lớp trong thời kì quá độ lên chủ nghĩa xã hội phải dựa trên lập trường tư tưởng - chính trị của giai cấp, tầng lớp nào dưới đây?",Multiple Choice,Công nhân.,Doanh nhân.,Trí thức.,Nông dân.,,1,30,
"Nội dung nào dưới đây không phải là nội dung chính trị của liên minh giai cấp, tầng lớp trong thời kì quá độ lên chủ nghĩa xã hội ở Việt Nam?",Multiple Choice,Giữ vững vai trò lãnh đạo của Đảng Cộng sản Việt Nam.,Tăng cường các hình thức giao lưu hợp tác liên kết giữa công nghiệp - nông nghiệp - khoa học công nghệ.,Bảo vệ vững chắc chế độ chính trị.,Xây dựng hoàn thiện nền dân chủ xã hội chủ nghĩa.,,2,30,
Nội dung kinh tế xuyên suốt của thời kì quá độ lên chủ nghĩa xã hội ở Việt Nam là,Multiple Choice,"xác định đúng tiềm lực kinh tế và nhu cầu kinh tế của các giai cấp, tầng lớp và toàn xã hội.","đẩy mạnh công nghiệp hóa, hiện đại hóa đất nước gắn với phát triển kinh tế tri thức theo định hướng xã hội chủ nghĩa.",chuyển giao và ứng dụng khoa học kĩ thuật và công nghệ hiện đại vào sản xuất.,"xác định đúng cơ cấu kinh tế, phát triển kinh tế thị trường.",,2,30,
"Nội dung nào dưới đây không phải là nội dung kinh tế của liên minh giai cấp, tầng lớp trong thời kì quá độ lên chủ nghĩa xã hội ở Việt Nam?",Multiple Choice,"Xác định đúng tiềm lực kinh tế và nhu cầu kinh tế của các giai cấp, tầng lớp.",Xác định đúng cơ cấu kinh tế.,"Xây dựng nhà nước pháp quyền xã hội chủ nghĩa của nhân dân, do nhân dân, vì nhân dân.",Chuyển giao và ứng dụng khoa học kĩ thuật và công nghệ hiện đại vào sản xuất kinh doanh.,,3,30,
Cần phải giữ vững vai trò lãnh đạo của tổ chức nào dưới đây đối với khối liên minh và toàn xã hội trên lĩnh vực chính trị trong thời kì quá độ lên chủ nghĩa xã hội ở nước ta?,Multiple Choice,Nhà nước cộng hoà xã hội chủ nghĩa Việt Nam.,Mặt trận Tổ quốc Việt Nam.,Đảng Cộng sản Việt Nam.,Quốc hội.,,3,30,
"Nội dung nào dưới đây không phải là nội dung văn hóa - xã hội của liên minh giai cấp, tầng lớp trong thời kì quá độ lên chủ nghĩa xã hội ở Việt Nam?",Multiple Choice,Chống âm mưu diễn biến hoà bình của các thế lực thù địch và phản động.,Thực hiện xoá đói giảm nghèo.,"Nâng cao dân trí, thực hiện tốt an sinh xã hội.",Chống các biểu hiện tiêu cực và tệ nạn xã hội.,,1,30,
"Theo quan điểm của chủ nghĩa Mác - Lênin, nội dung nào dưới đây có vai trò quyết định đối với sự biến đổi cơ cấu xã hội?",Multiple Choice,Sự đa dạng tộc người.,Sản xuất kinh tế.,"Đời sống văn hóa, tinh thần.","Tôn giáo, tín ngưỡng.",,2,30,
Nội dung nào dưới đây không phải là mục đích của việc nghiên cứu cơ cấu xã hội - giai cấp?,Multiple Choice,"Làm rõ vị trí, vai trò của các giai cấp, tầng lớp trong xã hội.","Nhận diện xu hướng biến đổi, phát triển của các giai cấp, tầng lớp.",Chỉ ra xu hướng biến đổi trong quan hệ các dân tộc trên tất cả các lĩnh vực.,"Để xây dựng hệ thống chính sách xã hội phù hợp với từng giai cấp, tầng lớp.",,3,30,
"Nội dung nào dưới đây là nội dung chính trị của liên minh giai cấp, tầng lớp trong thời kì quá độ lên chủ nghĩa xã hội ở Việt Nam?",Multiple Choice,"Đảm bảo các quyền dân chủ, quyền con người của công dân.",Chuyển giao và ứng dụng khoa học công nghệ hiện đại vào quá trình sản xuất.,"Phát triển giáo dục và đào tạo, nâng cao dân trí.","Nâng cao chất lượng sống cho nhân dân, thực hiện tốt an sinh xã hội.",,1,30,
"Nội dung nào dưới đây không phải là phương hướng cơ bản để xây dựng cơ cấu xã hội - giai cấp và tăng cường liên minh giai cấp, tầng lớp trong thời kì quá độ lên chủ nghĩa xã hội ở Việt Nam hiện nay?",Multiple Choice,"Chủ động, tích cực hội nhập kinh tế quốc tế.","Đẩy mạnh công nghiệp hóa, hiện đại hóa.",Xây dựng và thực hiện hệ thống chính sách xã hội.,Hoàn thiện thể chế kinh tế thị trường định hướng xã hội chủ nghĩa.,,4,30,
"Ở Việt Nam, vai trò của lực lượng nào dưới đây ngày càng trở nên quan trọng trong bối cảnh đẩy mạnh công nghiệp hóa, hiện đại hóa gắn với phát triển kinh tế tri thức?",Multiple Choice,Công nhân.,Trí thức.,Nông dân.,Doanh nhân.,,2,30,
Nước ta hiện nay có sự phát triển nhanh chóng cả về số lượng và quy mô với vai trò không ngừng tăng lên gắn với nền kinh tế thị trường định hướng xã hội chủ nghĩa của lực lượng,Multiple Choice,công nhân.,doanh nhân.,nông dân.,trí thức.,,2,30,
"Lực lượng nào ở nước ta hiện nay có sự đóng góp tích cực vào việc thực hiện chiến lược phát triển kinh tế - xã hội, giải quyết việc làm cho người lao động và tham gia giải quyết các vấn đề an sinh xã hội, xoá đói, giảm nghèo?",Multiple Choice,Doanh nhân.,Công nhân.,Nông dân.,Trí thức.,,1,30,
"Giữ vững lập trường chính trị - tư tưởng của giai cấp công nhân, vai trò lãnh đạo của Đảng Cộng sản Việt Nam, kiên định mục tiêu, con đường: độc lập dân tộc và chủ nghĩa xã hội là nội dung của liên minh giai cấp trên lĩnh vực",Multiple Choice,Kinh tế.,Chính trị,Văn hóa.,Xã hội.,,2,30,
"Thực hiện đẩy mạnh công nghiệp hóa, hiện đại hóa đất nước gắn với phát triển kinh tế tri thức theo định hướng xã hội chủ nghĩa là nội dung của liên minh giai cấp ở Việt Nam trên lĩnh vực",Multiple Choice,Chính trị.,Văn hóa.,Kinh tế.,Xã hội.,,3,30,
"Thực hiện xoá đói giảm nghèo; thực hiện tốt các chính sách xã hội đối với công nhân, nông dân, trí thức và các tầng lớp nhân dân; chăm sóc sức khoẻ và nâng cao chất lượng sống cho nhân dân; nâng cao dân trí, thực hiện tốt an sinh xã hội là nội dung của liên minh giai cấp ở Việt Nam trên lĩnh vực",Multiple Choice,Chính trị.,Kinh tế.,Xã hội,Văn hóa.,,3,30,
Trình tự nào sau đây thể hiện chính xác quá trình phát triển của các hình thức cộng đồng người trong lịch sử?,Multiple Choice,Thị tộc - bộ lạc - bộ tộc - dân tộc.,Bộ lạc - bộ tộc - thị tộc - dân tộc.,Bộ tộc - bộ lạc - dân tộc - thị tộc.,Thị tộc - bộ tộc - bộ lạc - dân tộc.,,1,30,
Nội dung nào dưới đây là nguyên nhân dẫn đến việc hình thành dân tộc có sự khác nhau giữa các khu vực trên thế giới?,Multiple Choice,"Sự khác nhau về yếu tố kinh tế, xã	 hội và ý thức tộc người.","Sự khác nhau về vị trí địa lí, điều kiện tự nhiên.","Sự khác nhau về vị trí địa lí, tài nguyên thiên nhiên.","Sự khác nhau về vị trí địa lí, điều kiện tự nhiên và ý thức tộc người.",,4,30,
"Ở các nước phương Tây, dân tộc ra đời vào khoảng",Multiple Choice,thế kỉ XI.,thế kỉ XII.,thế kỉ XIII.,thế kỉ XV.,,4,30,
Yếu tố nào dưới đây có ý nghĩa quyết định nhất đến sự ra đời của dân tộc ở phương Tây?,Multiple Choice,"Vị trí địa lí, điều kiện tự nhiên.",Sự chín muồi của yếu tố tộc người.,Sự phát triển của lực lượng sản xuất trong sản xuất hàng hóa tư bản chủ nghĩa.,Sự phát triển của quan hệ sản xuất trong sản xuất hàng hóa tư bản chủ nghĩa.,,3,30,
Nội dung nào dưới đây là nguyên nhân dẫn đến sự ra đời của dân tộc ở phương Tây gắn liền với sự ra đời của chủ nghĩa tư bản?,Multiple Choice,"Chủ nghĩa tư bản đi chiếm các nước làm thuộc địa, mở rộng lãnh thổ.",Lực lượng sản xuất trong chủ nghĩa tư bản phát triển.,Giữa các địa phương có sự khác biệt về trình độ phát triển kinh tế.,Ý thức tư sản phát triển mạnh mẽ dẫn đến sự hợp nhất các bộ tộc.,,2,30,
"Sự phát triển của phương thức sản xuất châu Á, của chế độ sở hữu công cộng về ruộng đất là yếu tố quyết định nhất dẫn tới sự ra đời của các dân tộc ở",Multiple Choice,khu vực Đông Bắc Á.,phương Đông.,khu vực Đông Nam Á.,khu vực Tây Á.,,2,30,
Dân tộc ở phương Tây là loại hình dân tộc,Multiple Choice,tư sản.,tiền phong kiến.,hậu phong kiến.,hậu tư sản.,,1,30,
"Sự ra đời của dân tộc chủ yếu do tác động của các yếu tố kinh tế, chính trị, văn hóa từ bên ngoài, yếu tố tộc người mờ nhạt là nội dung thể hiện sự ra đời của các dân tộc ở",Multiple Choice,Châu Âu.,Châu Mỹ.,Châu Á.,Châu Phi.,,2,30,
"Sự hình thành của một số dân tộc ở đâu dưới đây có sự tham gia của nhóm người nhập cư từ châu Âu và châu lục khác trong quá trình xâm lược thuộc địa của chủ nghĩa đế quốc, thực dân?",Multiple Choice,Châu Á.,Châu Phi.,Châu Mỹ.,Châu Đại Dương.,,3,30,
Nội dung nào dưới đây không phải là đặc điểm của dân tộc theo nghĩa rộng?,Multiple Choice,Có chung một vùng lãnh thổ ổn định.,Có chung một phương thức sinh hoạt kinh tế.,Mỗi vùng miền sử dụng riêng một loại ngôn ngữ.,Có chung nền văn hóa và tâm lí.,,3,30,
"Dấu hiệu xác định không gian sinh tồn, vị trí địa lí của một dân tộc, biểu thị vùng đất, vùng trời, vùng biển mà mỗi dân tộc được quyền sở hữu là nội dung cùa khái niệm",Multiple Choice,lãnh thổ.,địa giới hành chính.,biên giới.,tổ quốc.,,1,30,
Yếu tố nào dưới đây thể hiện đầy đủ chủ quyền của một dân tộc trong tương quan với các quốc gia dân tộc khác?,Multiple Choice,Biên giới.,Lãnh thổ.,Lãnh hải.,Địa giới hành chính.,,2,30,
Nhiệm vụ nào dưới đây là nghĩa vụ và trách nhiệm cao nhất của mỗi thành viên dân tộc?,Multiple Choice,Bảo vệ chủ quyền quốc gia.,Xây dựng nền văn hóa tiên tiến.,Lao động phát triển kinh tế đất nước.,Tham gia giải quyết các vấn đề xã hội.,,1,30,
"Đặc trưng nào dưới đây là quan trọng nhất, là cơ sở gắn kết các bộ phận, các thành viên trong dân tộc, tạo nên tính thống nhất, ổn định, bền vững của dân tộc?",Multiple Choice,Chung một vùng lãnh thổ.,Chung một phương thức sinh hoạt kinh tế.,Chung một ngôn ngữ làm công cụ giao tiếp.,Chung một nền văn hóa và tâm lí.,,2,30,
"Trong một quốc gia có nhiều cộng đồng người, với các ngôn ngữ khác nhau, nhưng bao giờ cũng sẽ có một ngôn ngữ chung thống nhất là nội dung thể hiện đặc trưng nào dưới đây của quốc gia dân tộc?",Multiple Choice,Có ngôn ngữ viết chung.,Có ngôn ngữ nói riêng.,Có chung một ngôn ngữ làm công cụ giao tiếp.,Có nhiều ngôn ngữ làm công cụ giao tiếp.,,3,30,
"Biểu hiện thông qua tâm lí, tính cách, phong tục, tập quán, lối sống của dân tộc, tạo nên bản sắc riêng của dân tộc là nội dung thể hiện khái niệm nào dưới đây?",Multiple Choice,Văn hóa vật chất và văn hóa tinh thần.,Văn hóa đa quốc gia.,Văn hóa dân tộc.,Giao lưu văn hóa.,,3,30,
"Các thành viên cũng như các cộng đồng tộc người trong một dân tộc đều chịu sự quản lí, điều khiển của",Multiple Choice,một tổ chức độc lập.,một đảng độc lập.,một xã hội độc lập.,một nhà nước độc lập.,,4,30,
"Tố chức nào dưới đây là đặc trưng cho thể chế chính trị của dân tộc, là đại diện cho dân tộc trong quan hệ với các quốc gia dân tộc khác trên thế giới?",Multiple Choice,Đảng Cộng sản.,Mặt trận Tổ quốc.,Các đoàn thể chính trị - xã hội.,Nhà nước.,,4,30,
"Tiêu chí nào dưới đây là quan trọng nhất để phân định tộc người này với tộc người khác và có vị trí quyết định đối với sự tồn tại, phát triển của mỗi tộc người?",Multiple Choice,Sự phát triển về kinh tế.,Sự tiến bộ trong nhận thức.,Sự nâng cao đời sống vật chất và tinh thần.,Ý thức tự giác tộc người.,,4,30,
"Sự trưởng thành của ý thức dân tộc, sự thức tỉnh về chủ quyền là nguyên nhân dẫn đến việc các cộng đồng dân cư muốn",Multiple Choice,tách ra để thành dân tộc độc lập.,liên kết lại với nhau.,liên minh với nhau về kinh tế.,thể hiện tính độc lập trong phát triển kinh tế.,,1,30,
Nội dung nào sau đây phản ánh đúng mục đích cao nhất của xu hướng hình thành quốc gia dân tộc độc lập?,Multiple Choice,Sự trưởng thành của ý thức dân tộc.,Sự độc lập về lựa chọn chế độ chính trị.,Sự khẳng định về chủ quyền.,Sự độc lập về lựa chọn chế độ kinh tế.,,3,30,
"Trong thời đại của chủ nghĩa tư bản, xu hướng hình thành các quốc gia dân tộc độc lập này biểu hiện thành phong trào nào dưới đây?",Multiple Choice,Đấu tranh chống áp bức giai cấp.,Đấu tranh chống áp bức dân tộc.,"Đấu tranh chống áp bức, bóc lột.",Đấu tranh chống cưỡng bức văn hóa.,,2,30,
"Sự thống nhất những lợi ích về kinh tế, chính trị, văn hóa, xã hội,... là nguyên nhân dẫn tới xu hướng hình thành",Multiple Choice,dân tộc độc lập.,Các tổ chức kinh tế.,liên hiệp các dân tộc.,Các tổ chức phi chính phủ.,,3,30,
"Lí do nào dưới đây làm xuất hiện nhu cầu xoá bỏ hàng rào ngăn cách giữa các dân tộc, tạo nên mối quan hệ quốc gia và quốc tế rộng lớn, thúc đẩy các dân tộc xích lại gần nhau?",Multiple Choice,"Sự xâm lược của các nước đế quốc thực dân, phong trào đấu tranh của các nước thuộc địa, phụ thuộc.",Chính sách mở của các nhà nước trong hoạt động kinh tế.,"Sự phát triển của lực lượng sản xuất, khoa học công nghệ, giao lưu kinh tế và văn hóa.",Sự phát triển của khoa học công nghệ đặc biệt là lĩnh vực giao thông vận tải.,,3,30,
"Điền từ ngữ thích hợp vào chỗ trống: Bàn về hai xu hướng khách quan của sự phát triển dân tộc, V.I. Lênin đã viết: “Trong quá trình phát triển của ……, có hai xu hướng …….. trong vấn đề ………. Cả hai xu hướng đó là quy luật …… của chủ nghĩa tư bản”.",Multiple Choice,"chủ nghĩa tư bản, lịch sử, dân tộc, phổ biến.","dân tộc, phát triển, dân tộc, khách quan.","chủ nghĩa tư bản, khách quan, dân tộc, phổ biến.","dân tộc, lịch sử, dân tộc, khách quan.",,1,30,
Mục tiêu chính trị chủ yếu của mọi quốc gia trong thời đại ngày nay là,Multiple Choice,độc lập dân tộc.,liên kết khu vực.,liên minh quốc tế.,chủ nghĩa xã hội.,,1,30,
"Cương lĩnh dân tộc của chủ nghĩa Mác - Lênin thể hiện quan điểm, lập trường của chủ thể nào dưới đây trong giải quyết quan hệ dân tộc?",Multiple Choice,Nhân dân lao động.,Giai cấp nông dân.,Giai cấp công nhân.,Đội ngũ trí thức.,,3,30,
Nguyên tắc đầu tiên trong Cương lĩnh dân tộc của chủ nghĩa Mác - Lênin là,Multiple Choice,Các dân tộc có quyền tự do.,Các dân tộc có quyền tự quyết.,Các dân tộc hoàn toàn bình đẳng.,Liên hệ công nhân tất cả các dân tộc.,,3,30,
"Tất cả mọi dân tộc (kể cả bộ tộc và chủng tộc) dù lớn hay nhỏ, dù đông người hay ít người, dù phát triển ở trình độ cao hay thấp đều có quyền lợi và nghĩa vụ ngang nhau ….. là nội dung thể hiện quyền nào dưới đây của các dân tộc?",Multiple Choice,Bình đẳng.,Hợp tác.,Tự quyết.,Độc lập.,,1,30,
Quyền bình đẳng của các dân tộc phải được ghi vào,Multiple Choice,"công pháp quốc tế, luật pháp quốc gia.","công pháp khu vực, luật pháp quốc gia.","luật pháp quốc gia, quy định của từng tộc người.",công pháp và công ước quốc tế.,,1,30,
"Khắc phục sự chênh lệch về trình độ phát triển kinh tế, văn hóa, xã hội giữa các dân tộc, tạo điều kiện để các dân tộc còn lạc hậu phát triển nhanh trên con đường tiến bộ là điều kiện để đảm bảo việc thực hiện quyền nào dưới đây của các dân tộc trong một quốc gia đa dân tộc?",Multiple Choice,Hợp tác.,Bình đẳng.,Phát triển.,Giao lưu.,,2,30,
"Đấu tranh chống chủ nghĩa phân biệt chủng tộc, chủ nghĩa bá quyền nước lớn, chống sự áp bức bóc lột, sự vi phạm lợi ích của nước lớn, nước phát triển đối với các nước nhỏ, lạc hậu, chậm phát triển là biểu hiện của quyền",Multiple Choice,tự do trong quan hệ giữa các quốc gia dân tộc.,bình đẳng trong quan hệ giữa các quốc gia dân tộc.,tự quyết trong quan hệ giữa các quốc gia dân tộc.,giao lưu trong quan hệ giữa các quốc gia dân tộc.,,2,30,
"Các dân tộc được tự do lựa chọn con đường phát triển, lựa chọn chế độ chính trị trong quá trình vận động, phát triển của dân tộc mình là nội dung của quyền",Multiple Choice,dân tộc tự quyết.,bình đẳng giữa các dân tộc.,bình đẳng trong quan hệ giữa các quốc gia dân tộc.,giao lưu giữa các dân tộc.,hợp tác giữa các dân tộc.,1,30,
Khi xem xét quyền tự quyết của dân tộc cần đứng vững trên lập trường của,Multiple Choice,giai cấp công nhân.,giai cấp nông dân.,đội ngũ trí thức.,đội ngũ doanh nhân.,,1,30,
"Ủng hộ các phong trào dân tộc tiến bộ, kiên quyết đấu tranh chống lại những mưu đồ lợi dụng vấn đề dân tộc làm chiêu bài để can thiệp công việc nội bộ của các nước và chia rẽ dân tộc là lưu ý khi xem xét quyền",Multiple Choice,bình đẳng.,liên hiệp.,phân tách thành quốc gia độc lập.,tự quyết.,,4,30,
Lợi ích của công nhân ở dân tộc áp bức và dân tộc bị áp bức đều thống nhất là cơ sở khách quan của nguyên tắc nào dưới đây?,Multiple Choice,Các dân tộc có quyền tự do.,Liên hiệp công nhân tất cả các dân tộc.,Các dân tộc có quyền tự quyết.,Các dân tộc hoàn toàn bình đẳng.,,2,30,
Để thực hiện được quyền bình đẳng và quyền tự quyết một cách đúng đắn thì các dân tộc phải thực hiện nguyên tắc,Multiple Choice,tôn trọng lẫn nhau trong việc giải quyết các vấn đề chính trị.,không can thiệp vào nội bộ của nhau.,đứng vững trên lập trường của giai cấp công nhân.,thành lập chính đảng vô sản và quốc gia dân tộc.,,3,30,
Nội dung nào dưới đây trong Cương lĩnh dân tộc của chủ nghĩa Mác - Lênin không chỉ là lời kêu gọi mà còn là giải pháp hữu hiệu đảm bảo việc thực hiện quyền bình đẳng và quyền tự quyết dân tộc?,Multiple Choice,Các dân tộc tách ra thành quốc gia độc lập.,Các dân tộc liên hiệp lại với nhau.,Liên hiệp công nhân tất cả các dân tộc.,Các dân tộc hoàn toàn bình đẳng.,,3,30,
Nội dung nào sau đây đóng vai trò liên kết các nội dung còn lại trong Cương lĩnh dân tộc của chủ nghĩa Mác — Lênỉn thành một chỉnh thể?,Multiple Choice,Các dân tộc có quyền tự do.,Các dân tộc có quyền tự quyết.,Liên hiệp công nhân tất cả các dân tộc.,Các dân tộc hoàn toàn bình đẳng.,,3,30,
"Con đường giải phóng dân tộc của Hồ Chí Minh khác với các phong trào yêu nước ở Việt Nam cuối thế kỉ XIX, đầu thế kỉ XX có nội dung căn bản nào sau đây?",Multiple Choice,Gắn con đường giải phóng dân tộc với duy trì chế độ phong kiến.,Gắn con đường giải phóng dân tộc với cách mạng vô sản thế giới.,Gắn giải phóng dân tộc với liên minh các nước láng giềng.,Gắn con đường giải phóng dân tộc với cách mạng dân chủ tư sản.,,2,30,
"Theo quan điểm của Chủ tịch Hồ Chí Minh, con đường để giành độc lập, tự do, chủ quyền quốc gia là",Multiple Choice,cách mạng tư sản.,cách mạng vô sản.,vận động cải cách.,nâng cao dân trí.,,2,30,
"Chủ tịch Hồ Chí Minh khẳng định mục tiêu cao nhất của cách mạng dân tộc dân chủ ở Việt Nam là giành độc lập dân tộc, chủ quyền quốc gia. Khẳng định này xuất phát từ cơ sở nào dưới đây?",Multiple Choice,Độc lập tự do là nội dung cốt lõi của vấn đề dân tộc thuộc địa.,"Có độc lập mới có chủ quyền lãnh thổ, nhân dân mới có tự do.",Cách mạng Việt Nam cần có sự ủng hộ của dân tộc quốc tế.,"Đó là tất cả những gì Chủ tịch Hồ Chí Minh mong muốn cho Tổ quốc, cho đồng bào.",,1,30,
"Theo Chủ tịch Hồ Chí Minh, mục tiêu cao nhất trong cách mạng dân tộc dân chủ ở Việt Nam là",Multiple Choice,giành độc lập dân tộc.,xoá bỏ chế độ phong kiến.,giành ruộng đất cho nông dân.,"xoá bỏ chế độ phong kiến, giải phóng người lao động.",,1,30,
"Điền từ ngữ thích hợp vào chỗ trống trong câu nói sau của Chủ tịch Hồ Chí Minh: “……. cho đồng bào tôi, ……. cho Tổ quốc tôi, đấy là tất cả những điều tôi muốn; đấy là tất cả những điều tôi hiểu”.",Multiple Choice,"Độc lập, tự do.","Tự do, độc lập.","Hạnh phúc, độc lập.","Hạnh phúc, tự do.",,1,30,
"Tháng 5/1946, trước khi sang Pháp, Chủ tịch Hồ Chí Minh đã dặn cụ Huỳnh Thúc Kháng “Dĩ bất biến, ứng vạn biến” - lấy điều không đổi ứng phó với vạn điều thay đổi để thực hiện điều không đổi. Điều không đổi được mà Chủ tịch Hồ Chí Minh nói đến ở đây là",Multiple Choice,"độc lập dân tộc, duy trì chế độ phong kiến.",độc lập dân tộc và chủ nghĩa xã hội.,giữ mối liên hệ giữa dân tộc Việt Nam với dân tộc thế giới.,tinh thần khoan dung và đoàn kết các dân tộc anh em.,,2,30,
"Theo Chủ tịch Hồ Chí Minh, con đường duy nhất để dân tộc Việt Nam giành được độc lập, nhân dân Việt Nam được tự do là",Multiple Choice,cách mạng giải phóng dân tộc.,cách mạng vô sản.,lật đổ giai cấp phong kiến.,thực hiện đấu tranh giai cấp.,,1,30,
"Theo tư tưởng Hồ Chí Minh, điều kiện tiên quyết để tiến lên chủ nghĩa xã hội ở Việt Nam là",Multiple Choice,giai cấp công nhân Việt Nam được giải phóng khỏi giai cấp tư sản Việt Nam.,dân tộc Việt Nam được độc lập.,giai cấp nông dân Việt Nam được giải phóng khỏi chế độ phong kiến.,dân tộc Việt Nam nhận được sự ủng hộ của các quốc gia dân tộc trên thế giới.,,2,30,
"Theo quan điểm của Chủ tịch Hồ Chí Minh, sự gắn bó giữa độc lập dân tộc và chủ nghĩa xã hội thống nhất với nhau ở mục đích nào dưới đây?",Multiple Choice,Phát triển kinh tế đất nước.,"Giải phóng con người khỏi áp bức, bất công.","Mở rộng giao lưu kinh tế, văn hóa, xã hội.","Các dân tộc có điều kiện phát triển bình đẳng, tiến bộ.",,2,30,
"Theo tư tưởng Hồ Chí Minh, những người ở dân tộc lớn dễ mắc bệnh",Multiple Choice,quan liêu.,kiêu ngạo.,chủ quan.,hẹp hòi.,,2,30,
"Theo tư tưởng Hồ Chí Minh, những cán bộ địa phương, nhân dân địa phương thường không cố gắng, cái gì cũng cho mình là không làm được, bởi",Multiple Choice,tự đại dân tộc.,tư tưởng dân tộc hẹp hòi.,tự ti rằng mình là dân tộc nhỏ bé.,tư tưởng dựa dẫm.,,3,30,
Dân tộc Việt Nam thuộc loại hình dân tộc,Multiple Choice,phong kiến.,tiền phong kiến.,tiền tư bản.,tư bản.,,3,30,
Nội dung nào sau đây không phải là điều kiện đưa đến sự hình thành dân tộc Việt Nam?,Multiple Choice,Sự tác động của chế độ sở hữu công cộng về ruộng đất và công xã nông thôn.,"Yêu cầu của cuộc đấu tranh chống thiên tai, phát triển nông nghiệp lúa nước.",Yêu cầu của cuộc đấu tranh chống ngoại xâm.,Nhu cầu trao đổi hàng hóa giữa các vùng miền hình thành thị trường dân tộc.,,4,30,
"Theo Tổng điều tra dân số và nhà ở năm 2019 được tiến hành vào thời điểm 0 giờ ngày 01/4/2019 theo Quyết định số 772/QĐ-TTg ngày 26/6/2018 của Thủ tướng Chính phủ, các dân tộc thiểu số chiếm khoảng bao nhiêu phần trăm dân số Việt Nam?",Multiple Choice,18%.,"15,5%.","12,3 %.","14,7 %.",,4,30,
"Theo Tổng điều tra dân số và nhà ở năm 2019 được tiến hành vào thời điểm 0 giờ ngày 01/4/2019 theo Quyết định số 772/QĐ-TTg ngày 26/6/2018 của Thủ tướng Chính phủ, dân tộc Kinh chiếm khoảng bao nhiêu phần trăm dân số Việt Nam?",Multiple Choice,80 %,"81,3%","82,6 %","85,3 %",,4,30,
Nội dung nào dưới đây không phản ánh đúng đặc điểm của các dân tộc ở nước ta?,Multiple Choice,Các dân tộc có tinh thần đoàn kết và ý thức cộng đồng sâu sắc.,Các dân tộc có truyền thống yêu nước và tự hào dân tộc.,Mỗi dân tộc đều có bản sắc văn hóa riêng.,Mỗi dân tộc đều có tiếng nói và chữ viết riêng.,,4,30,
"Đặc điểm nào dưới đây của dân tộc Việt Nam vừa tạo cơ sở cho sự đoàn kết, thống nhất hữu cơ giữa các dân tộc, vừa tiềm ẩn nguy cơ của những mâu thuẫn, thậm chí sự kì thị hoặc xung đột trong quan hệ dân tộc?",Multiple Choice,Các dân tộc Việt Nam có trình độ phát triển khác nhau.,Các dân tộc Việt Nam có tinh thần yêu nước.,Các dân tộc Việt Nam có ý thức cộng đồng cao.,Các dân tộc Việt Nam có địa bàn cư trú đan xen.,,1,30,
Các bản sắc văn hóa đa dạng của các dân tộc thống nhất với nhau ở nội dung cốt lõi nào dưới đây?,Multiple Choice,Lòng yêu chuộng hoà bình.,Tinh thần quốc tế.,Lòng yêu nước.,Tinh thần vượt khó.,,3,30,
"Đối với quốc gia dân tộc Việt Nam, nội dung nào dưới đây được xem là sợi chỉ đỏ xuyên suốt đường lối chính trị của Đảng ta?",Multiple Choice,Độc lập dân tộc.,Chủ nghĩa xã hội.,Thực hiện quyền bình đẳng và quyền tự quyết của dân tộc Việt Nam.,Thực hiện đoàn kết và bình đẳng giữa các dân tộc trong cộng đồng các dân tộc Việt Nam.,,4,30,
"Đối với cộng đồng các dân tộc ở Việt Nam, tư tưởng nhất quán của Đảng là",Multiple Choice,"Tập trung đẩy nhanh sự phát triển của dân tộc đa số, sau đó hỗ trợ phát triển cho các dân tộc thiểu số.",Ưu tiên và tạo điều kiện cho những dân tộc đa số phát triển.,"Bảo đảm sự bình đẳng, đoàn kết và giúp đỡ nhau giữa các dân tộc, nhất là các dân tộc thiểu số.","Giảm mức đầu tư cho dân tộc đa số, tập trung đẩy nhanh sự phát triển của dân tộc thiểu số.",,3,30,
Điều từ ngữ thích họp vào chỗ trống: Văn kiện Đại hội đại biểu toàn quốc lần thứ XI của Đảng Cộng sản Việt Nam đã khẳng định: “Độc lập dân tộc là điều kiện 	….. để thực hiện chủ nghĩa xã hội và chủ nghĩa xã hội là …… bảo đảm vững chắc cho độc lập dân tộc”.,Multiple Choice,"quyết định, cơ sở.","tiên quyết, cơ sở.","căn bản, nền tảng.","tiên quyết, căn bản.",,2,30,
Một trong những mục tiêu được Đảng ta xác định trong những năm đầu đưa miền Bắc quá độ lên chủ nghĩa xã hội là làm cho,Multiple Choice,"miền núi và miền xuôi cùng phát triển, cùng đi lên chủ nghĩa xã hội.","miền núi tiến kịp miền xuôi, cùng nhau tiến lên chủ nghĩa xã hội.",số lượng cán bộ địa phương tăng lên ngang bằng với cán bộ miền xuôi.,các dân tộc thiểu số nhận thức đúng về con đường đi lên chủ nghĩa xã hội.,,2,30,
Đảng Cộng sản Việt Nam xác định rõ “Vấn đề dân tộc và đoàn kết các dân tộc luôn luôn có vị trí chiến lược trong sự nghiệp cách mạng” tại Đại hội nào dưới đây?,Multiple Choice,Đại hội X.,Đại hội IX.,Đại hội XI,Đại hội XII.,,1,30,
"Quan điểm, chính sách của Đảng, Nhà nước ta đối với vấn đề dân tộc trong giai đoạn hiện nay được khẳng định chủ yếu tại",Multiple Choice,Nghị quyết số 23-NQ/TW ngày 12/3/2003.,Nghị quyết số 24-NQ/TW ngày 12/3/2003.,Nghị quyết số 23-NQ/TW ngày 12/3/2004.,Nghị quyết số 24-NQ/TW ngày 12/3/2004.,,2,30,
“Đề án tổng thể phát triển kinh tế - xã hội vùng đồng bào dân tộc thiểu số và miền núi giai đoạn 2021 - 2030” của Chính phủ được Nghị quyết số 88/2019/QH 14 phê duyệt vào năm,Multiple Choice,2017.,2019.,2018.,2020.,,2,30,
"Nguyên tắc cơ bản nào dưới đây được Đảng và Nhà nước ta thực hiện nhất quán trong các chủ trương, chính sách về dân tộc?",Multiple Choice,"Đoàn kết, tập trung cho phát triển đồng bào thiếu số","Bình đẳng, đoàn kết, tôn trọng giúp nhau cùng phát triển.","Đoàn kết, tập trung cho phát triển đồng bào đa số.","Bình đẳng, đoàn kết, xây dựng đất nước theo con đường chủ nghĩa xã hội.",,2,30,
Chính sách dân tộc của Đảng ta phải chú trọng nhất đến lĩnh vực nào dưới đây để thực hiện bình đẳng và đoàn kết giữa các dân tộc?,Multiple Choice,Kinh tế.,Chính trị.,Văn hóa - xã hội.,Giáo dục.,,1,30,
"Nâng cao nhận thức của đồng bào các dân tộc thiểu số về tầm quan trọng của vấn đề dân tộc, đoàn kết các dân tộc là nội dung thực hiện chính sách dân tộc của Đảng ta trong lĩnh vực",Multiple Choice,chính trị.,kinh tế.,văn hóa - xã hội.,giáo dục.,,1,30,
"Đổi mới cơ cấu kinh tế, thực hiện định canh, định cư, giao đất, giao rừng, phát triển kinh tế trang trại, chuyển giao công nghệ, trao đổi kinh nghiệm và bồi dưỡng nghiệp vụ quản lí là nội dung của chính sách dân tộc trong lĩnh vực",Multiple Choice,chính trị.,kinh tế.,ngoại giao.,"quốc phòng, an ninh.",,2,30,
"Giải quyết tốt vấn đề đoàn kết dân tộc và quan hệ dân tộc trong mối liên hệ tộc người, giữa các tộc người và liên quốc gia trong xu thế toàn cầu hóa là nội dung của chính sách dân tộc trong lĩnh vực",Multiple Choice,kinh tế.,"quốc phòng, an ninh.",chính trị.,ngoại giao.,,4,30,
"Giữ gìn và phát huy giá trị văn hóa truyền thống của các tộc người, phát triển ngôn ngữ, xây dựng đời sống văn hóa ở cơ sở, nâng cao trình độ văn hóa cho nhân dân các dân tộc là nội dung của chính sách dân tộc trong lĩnh vực",Multiple Choice,xã hội.,văn hóa.,chính trị.,giáo dục.,,2,30,
"Đảm bảo an sinh xã hội, thực hiện bình đẳng, công bằng thông qua việc thực hiện chính sách phát triển kinh tế - xã hội, xoá đói giảm nghèo, dân số, y tế, giáo dục trên cơ sở chú ý đến tính đặc thù mỗi vùng, mỗi dân tộc là nội dung của chính sách dân tộc trong lĩnh vực",Multiple Choice,chính trị.,xã hội.,giáo dục.,kinh tế.,,2,30,
"Một hình thái ý thức xã hội phản ánh một cách hoang đường hư ảo hiện thực khách quan, thông qua sự phản ánh đó, các lực lượng tự nhiên và xã hội đều trở thành siêu tự nhiên, thần bí là nội dung thể hiện bản chất của khái niệm",Multiple Choice,tôn giáo.,tín ngưỡng.,mê tín dị đoan.,văn hóa.,,1,30,
"Theo Luật Tín ngưỡng, Tôn giáo Việt Nam (2016), niềm tin của con người tồn tại với hệ thống quan niệm và hoạt động bao gồm đối tượng tôn thờ, giáo lí, giáo luật, lễ nghi và tổ chức là nội dung thể hiện khái niệm",Multiple Choice,tôn giáo.,tín ngưỡng.,mê tín dị đoan.,hệ thống giáo lí.,,1,30,
"Niềm tin của con người được thể hiện thông qua những lễ nghi gắn liền với phong tục, tập quán truyền thống để mang lại sự bình an về tinh thần cho cá nhân và cộng đồng là nội dung của khái niệm",Multiple Choice,tôn giáo.,tín ngưỡng.,mê tín.,mê tín dị đoan.,,2,30,
"Trong mối quan hệ với tín ngưỡng, tôn giáo là",Multiple Choice,"một khái niệm rộng hơn, bao trùm tín ngưỡng.","khái niệm nhỏ hơn, là một loại hình (dạng) tín ngưỡng.",một khái niệm tương đương tín ngưỡng.,"một khái niệm hoàn toàn độc lập, không có mối liên hệ.",,2,30,
"Tin một cách mê muội, mù quáng vào những điều thiếu cơ sở khoa học là biểu hiện của",Multiple Choice,tôn giáo.,mê tín.,tín ngưỡng.,dị đoan.,,2,30,
"Sự suy đoán, hành động 	một cách 	tuỳ tiện với những hành vi sai lệch quá mức, trái với các giá trị văn hóa, đạo đức, pháp luật, gây	 tổn hại cho cá nhân và cộng đồng là biểu hiện của",Multiple Choice,tín ngưỡng.,dị đoan.,tôn giáo.,mê tín.,,2,30,
"Loại hình tôn giáo cổ xưa nhất, thể hiện niềm tin của con người vào một loài động vật, cây cỏ, đồ vật, hiện tượng trong đời sống là nội dung của",Multiple Choice,tô tem giáo.,ma thuật giáo.,sa man giáo.,bái vật giáo.,,1,30,
"Loại hình tôn giáo mà con người thể hiện niềm tin vào khả năng tác động đến các hiện tượng xuất hiện trong tự nhiên, thông qua những hành động như cầu khấn, phù phép, bùa chú là biểu hiện của",Multiple Choice,tô tem giáo.,ma thuật giáo.,sa man giáo.,bái vật giáo.,,2,30,
"Loại hình tôn giáo mà ở đó người ta tôn thờ và có những hành vi thể hiện niềm tin, sự tôn thờ một số vật như hòn đá, gốc cây, bức tường,... Có thể có những thuộc tính siêu nhiên là biểu hiện của",Multiple Choice,tô tem giáo.,sa man giáo.,bái vật giáo.,vật linh giáo.,,3,30,
"Loại hình tôn giáo mà người ta tin rằng các sự vật, hiện tượng trong tự nhiên cũng giống như con người, đều có linh hồn là biểu hiện của",Multiple Choice,tô tem giáo.,vật linh giáo.,ma thuật giáo.,sa man giáo.,,2,30,
"Loại hình tôn giáo sùng bái lãnh tụ, thủ lĩnh, thánh thần bộ lạc hay các tổ chức bộ lạc là biểu hiện của",Multiple Choice,tô tem giáo.,sa man giáo.,vật linh giáo.,ma thuật giáo.,,1,30,
Nội dung nào dưới đây là đặc điểm của các loại hình tôn giáo trong xã hội nguyên thuỷ?,Multiple Choice,Có hệ thống tổ chức và những người hoạt động tôn giáo chuyên nghiệp.,Chưa có hệ thống tổ chức và những người hoạt động tôn giáo chuyên nghiệp.,Có hệ thống tổ chức nhưng chưa có những người hoạt động tôn giáo chuyên nghiệp.,Chưa có hệ thống tổ chức nhưng có những người hoạt động tôn giáo chuyên nghiệp.,,2,30,
Tôn giáo nguyên thuỷ phản ánh một thực trạng xã hội mà,Multiple Choice,"nhận thức của con người quá thấp kém, thậm chí mông muội.",mâu thuẫn giai cấp ngày càng sâu sắc.,sự áp bức giai cấp bắt đầu xuất hiện.,"đời sống vật chất, tinh thần của con người còn nhiều khó khăn.",,1,30,
Loại hình tôn giáo mà đối tượng thờ phụng là những vị thần của một dân tộc; ảnh hưởng của vị thần đó chỉ giới hạn chủ yếu trong phạm vi một dân tộc nhất định là nội dung thể hiện khái niệm,Multiple Choice,tôn giáo vùng miền.,tôn giáo dân tộc.,tôn giáo khu vực.,tôn giáo quốc tế.,,2,30,
Đặc trưng nổi bật của tôn giáo dân tộc là,Multiple Choice,tính chất dân tộc.,tính chất giai cấp.,tính chất khu vực.,tính chất vùng miền.,,1,30,
"Vượt ra khỏi phạm vi một dân tộc, một quốc gia, tôn giáo này ảnh hưởng đến nhiều quốc gia, nhiều khu vực khác nhau, thậm chí, toàn thế giới, đây là hình thức",Multiple Choice,tôn giáo dân tộc.,tôn giáo khu vực và tôn giáo thế giới.,tôn giáo khu vực.,tôn giáo vùng miền.,,2,30,
Đặc trưng nổi bật của tôn giáo khu vực và tôn giáo thế giới là,Multiple Choice,"tính đa vùng miền, đơn quốc gia.","tính đơn dân tộc, đơn quốc gia.","tính đa dân tộc, đa quốc gia.","tính đơn dân tộc, đa quốc gia.",,3,30,
Tôn giáo nào dưới đây ra đời ở Việt Nam,Multiple Choice,Đạo Phật.,Đạo Hồi.,Đạo Cao Đài.,Đạo Ki-tô.,,3,30,
Tôn giáo nào dưới đây không phải là tôn giáo ra đời ở Việt Nam?,Multiple Choice,Tứ Ân Hiếu Nghĩa.,Đạo Cao Đài.,Đạo Hòa Hảo.,Đạo Phật.,,4,30,
"Nhận định “Tất cả mọi tôn giáo chẳng qua chỉ là sự phản ánh hư ảo - vào trong đầu óc của con người - những lực lượng ở bên ngoài chi phối cuộc sống hằng ngày của họ, chỉ là sự phản ánh trong đó những lực lượng ở trần thế đang mang hình thức những lực lượng siêu trần thế” là của",Multiple Choice,C. Mác.,V.I. Lênin.,Ph. Ăngghen.,Hồ Chí Minh.,,3,30,
Nhận định: “Tôn giáo là sự tự ý thức và sự tự cảm giác của con người chưa tìm được bản thân mình hoặc đã lại để mất bản thân mình một lần nữa” là của,Multiple Choice,C. Mác.,Ph. Ăngghen.,V.L Lênin.,Hồ Chí Minh.,,1,30,
"Tôn giáo là một hiện tượng xã hội phản ánh sự bất lực và bế tắc của con người trước tự nhiên và xã hội, tuy nhiên, tôn giáo cũng chứa đựng một số giá trị phù hợp với đạo đức, đạo lí của con người là nội dung thể hiện",Multiple Choice,nguồn gốc của tôn giáo.,bản chất của tôn giáo,tính chất của tôn giáo,chức năng của tôn giáo.,,2,30,
Tôn giáo mang thế giới quan,Multiple Choice,duy vật.,duy tâm.,"vừa duy vật, vừa duy tâm.",duy vật biện chứng.,,2,30,
"Nội dung nào dưới đây phản ánh đúng nhất lập trường của những người cộng sản về vấn đề tín ngưỡng, tôn giáo?",Multiple Choice,"Nhanh chóng xoá bỏ tín ngưỡng, tôn giáo.","Luôn tôn trọng quyền tự do tín ngưỡng, tôn giáo của nhân dân.","Không quan tâm đến nhu cầu tín ngưỡng, tôn giáo của nhân dân.",Sử dụng bạo lực để giải quyết vấn đề tôn giáo.,,2,30,
"Khi nghiên cứu vấn đề tôn giáo, để tránh quan điểm, tư tưởng, nhận thức có tính cực đoan, ta không được đối lập một cách cực đoan tôn giáo với",Multiple Choice,giáo dục.,các vấn đề chính trị.,khoa học.,nền kinh tế thị trường.,,3,30,
Nội dung nào sau đây không phải là nguồn gốc dẫn tới sự ra đời của tôn giáo?,Multiple Choice,"Tự nhiên, kinh tế - xã hội.",Nhận thức.,Giáo dục,Tâm lí,,3,30,
"Sự bất lực của con người trong cuộc đấu tranh với tự nhiên, xã hội để giải quyết các yêu cầu, các mục đích kinh tế - xã hội, cũng như cuộc sống của bản thân họ là nội dung phản ánh nguồn gốc",Multiple Choice,nhận thức của tôn giáo.,tâm lí của tôn giáo.,"tự nhiên, kinh tế - xã hội của tôn giáo.",văn hóa của tôn giáo.,,3,30,
"Sự bần cùng về kinh tế, nạn áp bức về chính trị, sự hiện diện của những bất công xã hội cùng với những thất vọng, bất hạnh trong cuộc đấu tranh của giai cấp bị trị là nội dung phản ánh nguồn gốc",Multiple Choice,tự nhiên của tôn giáo.,nhận thức của tôn giáo.,tâm lí của tôn giáo.,kinh tế - xã hội của tôn giáo,,4,30,
"Câu nói: “Sự bất lực của giai cấp bị bóc lột trong cuộc đấu tranh chống bọn bóc lột tất nhiên đẻ ra lòng tin vào cuộc đời đẹp hơn ở thế giới bên kia, cũng giống y như sự bất lực của con người dã man trong cuộc đấu tranh chống thiên nhiên đẻ ra lòng tin vào thần thánh, ma quỷ và những phép màu...” là của",Multiple Choice,G.W.F. Hegel.,V.I. Lênin,C. Mác.,Ph. Ăngghen..,,2,30,
"Khi khoảng cách giữa biết và chưa biết vẫn tồn tại, khi những điều mà khoa học chưa giải thích được, thì điều này được giải thích thông qua lăng kính các tôn giáo là nội dung của nguồn gốc",Multiple Choice,kinh tế - xã hội.,tâm lí.,nhận thức.,văn hóa.,,3,30,
Con người chỉ sáng tạo ra tôn giáo khi trình độ nhận thức đạt tới khả năng tư duy,Multiple Choice,"trừu tượng hóa, khái quát hóa.",logic và trừu tượng.,tổng hợp và phân tích.,"chi tiết hóa, trừu tượng hóa.",,1,30,
Câu: “Sự sợ hãi sinh ra thần linh” bàn đến nguồn gốc nào dưới đây của tôn giáo?,Multiple Choice,Tâm lí.,"Tự nhiên, kinh tế - xã hội.",Nhận thức.,Văn hóa.,,1,30,
"Câu: “Sợ hãi trước các thế lực mù quáng của tư bản, - mù quáng vì quần chúng nhân dân không thể đoán trước được nó, - là thế lực bất cứ lúc nào trong đời sống của người vô sản và người tiểu chủ, cũng đe doạ đem lại cho họ và đang đem lại cho họ sự phá sản “đột ngột”, “bất ngờ”, “ngẫu nhiên”, làm cho họ phải diệt vong, biến họ thành người ăn xin, một kẻ bần cùng, một gái điếm, và dồn họ vào cảnh chết đói, đó chính là nguồn gốc sâu xa của tôn giáo hiện đại” là của",Multiple Choice,G.W.F. Hegel.,C. Mác.,Ph. Ăngghen,V.I. Lênin.,,4,30,
"Không chỉ sự sợ hãi, lo lắng mà ngay cả tình yêu, lòng biết ơn, sự kính trọng,... trong mối quan hệ giữa con người với tự nhiên và con người với con người nhiều khi cũng được thể hiện qua tín ngưỡng, tôn giáo là nội dung thể hiện nguồn gốc nào dưới đây của tôn giáo?",Multiple Choice,Nhận thức.,Tâm lí.,Tự nhiên.,Kinh tế - xã hội.,,2,30,
Nội dung nào dưới đây không phải là tính chất của tôn giáo?,Multiple Choice,Tính lịch sử.,Tính quần chúng.,Tính logic.,Tính chính trị.,,3,30,
Tôn giáo có tính chất nào dưới đây?,Multiple Choice,Tính logic.,Tính khái quát.,Tính chính trị.,Tính tổng hợp.,,3,30,
"Tôn giáo hình thành, tồn tại và phát triển trong những giai đoạn lịch sử nhất định, nó có khả năng biến đổi, thích nghi với nhiều chế độ chính trị - xã hội, khi các điều kiện kinh tế, xã hội thay đổi, tôn giáo cũng thay đổi theo là nội dung thể hiện",Multiple Choice,tính quần chúng của tôn giáo.,tính lịch sử của tôn giáo.,tính chính trị của tôn giáo.,tính chính trị - lịch sử của tôn giáo.,,2,30,
"Việc các tôn giáo bị phân liệt, chia tách thành nhiều tôn giáo, nhiều hệ phái khác nhau do sự thay đổi của các điều kiện lịch sử, kinh tế - xã hội phản ánh tính chất nào dưới đây của tôn giáo?",Multiple Choice,Tính quần chúng.,Tính chính trị.,Tính lịch sử.,Tính khái quát.,,3,30,
"Theo quan điểm của chủ nghĩa Mác - Lênin, khi khoa học và giáo dục giúp cho đại đa số quần chúng nhân dân nhận thức được bản chất của các hiện tượng tự nhiên, tôn giáo sẽ",Multiple Choice,ngày càng phát triển.,biến mất hoàn toàn.,trở nên khoa học.,dần mất đi vị trí của nó.,,4,30,
"Tôn giáo là một hiện tượng xã hội phổ biến ở tất cả các dân tộc, quốc gia, châu lục; không một quốc gia dân tộc nào không có một hay nhiều tôn giáo là nội dung thể hiện",Multiple Choice,tính quần chúng của tôn giáo.,tính phổ biến của tôn giáo.,tính quốc tế của tôn giáo.,tính chính trị của tôn giáo.,,1,30,
"Số lượng tín đồ tôn giáo đông đảo, các tôn giáo là nơi sinh hoạt văn hóa, tinh thần của một bộ phận khá đông đảo quần chúng nhân dân là nội dung thể hiện tính chất nào dưới đây của tôn giáo?",Multiple Choice,Tính chính trị.,Tính xã hội.,Tính giai cấp.,Tính quần chúng.,,4,30,
"Khi xã hội có sự phân chia giai cấp, có sự khác biệt, sự đối kháng về lợi ích kinh tế, chính trị giữa các giai cấp thì tôn giáo xuất hiện thêm",Multiple Choice,tính chính trị.,tính lịch sử.,tính quần chúng.,tính văn hóa.,,1,30,
Nội dung nào dưới đây không phải là chức năng của tôn giáo?,Multiple Choice,Kinh tế.,Thế giới quan.,Đền bù hư ảo.,Điều chỉnh hành vi đạo đức.,,1,30,
Nội dung nào dưới đây là chức năng của tôn giáo?,Multiple Choice,Phát triển xã hội.,Kinh tế.,"Đối nội, đối ngoại.","Liên kết cộng đồng và chuyển tải, bảo lưu văn hóa.",,4,30,
"Tôn giáo giúp con người có những nhận thức nhất định về thế giới và con người, thông qua hệ thống giáo thuyết của nó là nội dung thể hiện chức năng nào dưới đây của tôn giáo?",Multiple Choice,Chức năng thế giới quan.,Chức năng đền bù hư ảo.,Chức năng điều chỉnh hành vi đạo đức.,"Chức năng liên kết cộng đồng và chuyển tải, bảo lưu văn hóa.",,1,30,
Sự phản ánh thế giới của tôn giáo là sự phản ánh có tính chất,Multiple Choice,chân thực.,"hoang đường, hư ảo.",khách quan.,"chân thực, chủ quan.",,2,30,
"Trong tôn giáo, con người đã biến cái chủ quan thành khách quan, biến cái chỉ tồn tại trong tư duy của mình, trong sự tưởng tượng của mình thành một cái tồn tại ở bên ngoài tư duy của mình và gán cho nó một sức mạnh siêu nhiên là nội dung thể hiện tính chất nào dưới đây trong sự phản ánh thế giới của tôn giáo?",Multiple Choice,"Chân thực, khách quan.","Chân thực, chủ quan.","Hoang đường, hư ảo.","Khách quan, mơ hồ.",,3,30,
Ý nào dưới đây thể hiện đầy đủ nhất nội dung luận điểm của C. Mác: “Tôn giáo là thuốc phiện của nhân dân”?,Multiple Choice,"Tôn giáo là một liều thuốc có tính chất gây nghiện, tiêm nhiễm cho con người những quan niệm phi khoa học.","Tôn giáo làm dịu nỗi đau, bù đắp những thiếu hụt về mặt tinh thần, đồng thời cũng có thể tác động có hại đối với con người.","Tôn giáo nguy hiểm như một thứ thuốc phiện, cần loại bỏ ngay ra khỏi đời sống.","Tôn giáo giống như thuốc phiện làm cho con người rơi vào trạng thái sống ảo, làm cho con người trở nên thiếu minh mẫn.",,2,30,
Tôn giáo điều chỉnh hành vi đạo đức của con người thông qua,Multiple Choice,hệ thống giá trị chuẩn mực của tôn giáo.,các quy định của pháp luật.,các chuẩn mực đạo đức chung của xã hội.,hệ thống quy định của địa bàn cư trú.,,1,30,
"Nội dung nào dưới đây không là biểu hiện của chức năng liên kết cộng đồng và chuyển tải, bảo lưu văn hóa của tôn giáo?",Multiple Choice,"Liên kết, giữ gìn ổn định trật tự xã hội dựa trên hệ thống giá trị và chuẩn mực chung.","Nâng cao đời sống vật chất, tinh thần của đông đảo quần chúng nhân dân.","Tập hợp các lực lượng đấu tranh chống áp bức, bóc lột, chống lại các thế lực chính trị - xã hội phản tiến bộ đương thời.","Góp phần giao lưu giữa các quốc gia, dân tộc và các nền văn hóa.",,2,30,
"Nền kinh tế nhiều thành phần vận hành theo cơ chế thị trường với những mặt trái của nó dẫn tới sự bất bình đẳng, sự may rủi, ngẫu nhiên, phân hóa giàu nghèo là nguyên nhân dẫn đến sự tồn tại của tôn giáo trong thời kì quá độ lên chủ nghĩa xã hội ở lĩnh vực",Multiple Choice,kinh tế.,nhận thức.,văn hóa.,chính trị - xã hội.,,1,30,
Nhiều thế lực vẫn chú ý duy trì và lợi dụng tôn giáo vào các mục đích chính trị khác nhau là nội dung thể hiện nguyên nhân nào dưới đây dẫn tới sự tồn tại của tôn giáo trong thời kì quá độ lên chủ nghĩa xã hội?,Multiple Choice,kinh tế.,chính trị - xã hội.,văn hóa.,nhận thức.,,2,30,
Nội dung nào dưới đây không là nguyên nhân chính trị - xã hội dẫn tới sự tồn tại của tôn giáo trong thời kì quá độ lên chủ nghĩa xã hội?,Multiple Choice,Nền kinh tế nhiều thành phần vận hành theo cơ chế thị trường với nhiều mặt trái của nó.,Nhiều thế lực chính trị vẫn chú ý duy trì và lợi dụng tôn giáo vào các mục đích chính trị khác nhau.,"Nỗi lo sợ của quần chúng nhân dân về chiến tranh, đói nghèo, bệnh tật hiểm nghèo.",Tôn giáo tự biến đổi và thích nghi với điều kiện chính trị - xã hội mới để tồn tại.,,1,30,
"Sinh hoạt tín ngưỡng, tôn giáo có khả năng đáp ứng nhu cầu văn hóa, tinh thần và có ý nghĩa giáo dục về ý thức cộng đồng, đạo đức, phong cách, lối sống là nguyên nhân dẫn tới sự tồn tại của tôn giáo trong thời kì quá độ lên chủ nghĩa xã hội ở lĩnh vực nào dưới đây?",Multiple Choice,Kinh tế,Văn hóa.,Chính trị - xã hội.,Tâm lí.,,2,30,
"Nhiều giá trị của các tôn giáo đang có những đóng góp to lớn và trở thành một bộ phận quan trọng trong nền văn hóa mỗi dân tộc, mỗi quốc gia là nguyên nhân dẫn tới sự tồn tại của tôn giáo trong thời kì quá độ lên chủ nghĩa xã hội ở lĩnh vực nào dưới đây?",Multiple Choice,Kinh tế.,Văn hóa,Chính trị - xã hội.,Nhận thức.,,2,30,
"Còn nhiều vấn đề mà khoa học chưa thể làm rõ; mặt bằng dân trí chưa thật cao, khả năng nhận thức những vấn đề xảy ra trong cuộc sống còn nhiều hạn chế là nguyên nhân dẫn tới sự tồn tại của tôn giáo trong thời kì quá độ lên chủ nghĩa xã hội ở lĩnh vực nào dưới đây?",Multiple Choice,Kinh tế.,Chính trị.,Nhận thức.,Văn hóa.,,3,30,
"Con người đôi khi vẫn cảm thấy sợ hãi, lo lắng, bất an khi đối diện với những tác động bởi sức mạnh tự phát từ tự nhiên, xã hội là nguyên nhân dẫn tới sự tồn tại của tôn giáo trong thời kì quá độ lên chủ nghĩa xã hội ở lĩnh vực nào dưới đây?",Multiple Choice,Chính trị,Tâm lí.,Nhận thức.,Kinh tế.,,2,30,
Một trong những nguyên tắc cơ bản trong việc giải quyết vấn đề tôn giáo trong thời kì quá độ lên chủ nghĩa xã hội là,Multiple Choice,phân biệt hai mặt chính trị và tư tưởng trong giải quyết vấn đề tôn giáo.,dần dần loại bỏ tôn giáo ra khỏi đời sống xã hội.,"kiên quyết đấu tranh với những phần tử, những hoạt động lợi dụng tôn giáo chống phá cách mạng.",các tôn giáo đều bình đẳng.,,1,30,
Nội dung nào dưới đây không phải là nguyên tắc cơ bản trong việc giải quyết vấn đề tôn giáo trong thời kì quá độ lên chủ nghĩa xã hội?,Multiple Choice,"Nhân nhượng với những phần tử, những hoạt động lợi dụng tôn giáo chống phá cách mạng.","Tôn trọng, đảm bảo quyền tự do tín ngưỡng, tôn giáo và không tín ngưỡng, tôn giáo của quần chúng nhân dân.","Khắc phục dần những ảnh hưởng tiêu cực của tôn giáo gắn liền với quá trình cải tạo xã hội cũ, xây dựng xã hội mới, phát huy những mặt tích cực của tôn giáo.",Phân biệt hai mặt chính trị và tư tưởng trong việc giải quyết vấn đề tôn giáo.,,1,30,
"Việc theo đạo, đổi đạo, hay không theo đạo thuộc quyền tự do lựa chọn của mồi người dân, không cá nhân, tổ chức nào được quyền can thiệp vào sự lựa chọn này là nội dung của nguyên tắc",Multiple Choice,"khắc phục dần những ảnh hưởng tiêu cực của tôn giáo phải gắn liền với quá trình cải tạo xã hội cũ, xây dựng xã hội mới.","tôn trọng, bảo đảm quyền tự do tín ngưỡng, tôn giáo và không tín ngưỡng, tôn giáo của quần chúng nhân dân.",phân biệt hai mặt chính trị và tư tưởng của tôn giáo.,quan điểm lịch sử cụ thể trong việc giải quyết vấn đề tôn giáo.,,2,30,
"Mọi hành vi cấm đoán, ngăn cản tự do theo đạo, đổi đạo, bỏ đạo hay đe doạ, bắt buộc người dân phải theo đạo đều là",Multiple Choice,vi phạm các giá trị đạo đức của cộng đồng.,vi phạm quy định của các tổ chức tôn giáo.,xâm phạm các giá trị văn hóa.,"Cả a,b,c,",,4,30,
"“Mọi sự phân biệt quyền lợi giữa công dân có tín ngưỡng, tôn giáo khác nhau là hoàn toàn không thể dung thứ được” là câu nói của",Multiple Choice,G.W.F. Hegel.,C. Mác.,Ph. Ăngghen.,V.I. Lênin.,,4,30,
“Không được tuyên bố chiến tranh với tôn giáo” là câu nói của,Multiple Choice,V.I. Lênin.,C. Mác.,Ph. Ăngghen.,Hồ Chí Minh.,,1,30,
"Để đoàn kết các lực lượng quần chúng có tín ngưỡng, tôn giáo và không tín ngưỡng, tôn giáo, đấu tranh chống các luận điệu vu cáo, các hoạt động lợi dụng tôn giáo chống nhà nước xã hội chủ nghĩa, chúng ta phải đảm bảo nguyên tắc",Multiple Choice,"tôn trọng, ủng hộ các giáo hội và các chức sắc tôn giáo có ảnh hưởng lớn tới đông đảo nhân dân.",ủng hộ các tôn giáo có số lượng tín đồ đông đảo.,"ủng hộ các tôn giáo dân tộc, bài trừ các tôn giáo khu vực và thế giới.","tôn trọng, đảm bảo quyền tự do tín ngưỡng, tôn giáo và không tín ngưỡng, tôn giáo của quần chúng nhân dân.",,4,30,
"Muốn thay đổi ý thức xã hội, trước hết cần phải thay đổi bản thân tồn tại xã hội; muốn xoá bỏ ảo tưởng nảy sinh trong đầu óc con người, phải xoá bỏ nguồn gốc sinh ra ảo tưởng ấy là cơ sở của nguyên tắc",Multiple Choice,"khắc phục dần những ảnh hưởng tiêu cực của tôn giáo phải gắn liền với quá trình cải tạo xã hội cũ, xây dựng xã hội mới.","tôn trọng, đảm bảo quyền tự do tín ngưỡng và không tín ngưỡng của nhân dân.",phân biệt hai mặt chính trị và tư tưởng của tôn giáo.,"quan điểm lịch sử cụ thể trong giải quyết vấn đề tín ngưỡng, tôn giáo.",,1,30,
"Theo tư tưởng của chủ nghĩa Mác - Lênin, muốn khắc phục dần những ảnh hưởng tiêu cực của tôn giáo, chúng ta phải",Multiple Choice,"hạn chế dần ảnh hưởng của tôn giáo, tiến tới xoá bỏ tôn giáo khởi đời sống xã hội.","nâng cao trình độ nhận thức của người dân, dần tiến tới xoá bỏ hoàn toàn tôn giáo khỏi đời sống xã hội.","xác lập một thế giới hiện thực tốt đẹp không có áp bức, bất công, không nghèo đói và thất nghiệp, không tệ nạn xã hội,...","phát triển kinh tế thị trường một cách mạnh mẽ, nâng cao đời sống vật chất cho nhân dân.",,3,30,
Hai mặt chính trị và tư tưởng có mối quan hệ với nhau trong vấn đề tôn giáo và trong mỗi tôn giáo khi,Multiple Choice,"xã hội xuất hiện sản xuất hàng hóa gắn với nhu cầu mở rộng thị trường, mở rộng thuộc địa.","xã hội xuất hiện giai cấp, có mâu thuẫn và đấu tranh giai cấp.","xã hội chủ nghĩa tư bản chuyển từ giai đoạn tự do cạnh tranh sang giai đoạn độc quyền, tăng cường xâm lược các nước trên thế giới.","kinh tế thị trường xuất hiện, lực lượng chính trị lợi dụng tôn giáo để đạt được mục đích của mình.",,2,30,
Các thế lực phản động quốc tế đang lợi dụng tôn giáo để thực hiện chiến lược “diễn biến hoà bình” nhằm,Multiple Choice,thâu tóm thị trường.,"chi phối các nước trên thế giới cả về kinh tế, chính trị, văn hóa xã hội.",xóa bỏ chế độ xã hội chủ nghĩa ở các nước xã hội chủ nghĩa còn lại.,đẩy các nước đang phát triển vào tình trạng lệ thuộc các nước lớn.,,3,30,
"Để phân biệt được hai mặt chính trị và tư tưởng trong việc giải quyết vấn đề tôn giáo, các đảng cộng sản cần nêu cao tinh thần",Multiple Choice,"cảnh giác, cương quyết, kịp thời, tránh chủ quan, định kiến.",bỏ qua vấn đề tôn giáo khi cần thiết.,mọi vấn đề liên quan đến tôn giáo đều phải giải quyết bằng bạo lực.,giải quyết vấn đề tôn giáo khi có điều kiện thuận lợi.,,1,30,
"Tôn giáo không phải là một hiện tượng xã hội bất biến, vì thế khi xem xét và giải quyết vấn đề tôn giáo cần quán triệt",Multiple Choice,quan điểm khách quan.,quan điểm toàn diện.,quan điểm lấy dân làm gốc.,quan điểm lịch sử - cụ thể.,,4,30,
Nội dung nào dưới đây là đặc điểm cơ bản của tình hình tôn giáo ở Việt Nam?,Multiple Choice,Tôn giáo phát triển vô cùng mạnh mẽ.,Đa tôn giáo.,Hầu như người dân không tham gia các tổ chức tôn giáo.,Chỉ có tôn giáo dân tộc.,,2,30,
Nội dung nào dưới đây không là đặc điểm cơ bản của tình hình tôn giáo ở Việt Nam?,Multiple Choice,Hoạt động tôn giáo không thể kiểm soát.,Đa tôn giáo.,"Đa dạng, đan xen, chung sống hòa bình; không có xung đột, chiến tranh tôn giáo.","Các tôn giáo luôn đồng hành cùng dân tộc, có nhiều đóng góp quan trọng trong quá trình xây dựng và bảo vệ đất nước.",,1,30,
"Tính đến tháng 12/2017, Việt Nam có khoảng bao nhiêu tổ chức tôn giáo được công nhận về mặt tổ chức hoặc đã đăng kí hoạt động?",Multiple Choice,Trên 30 tồ chức.,Trên 40 tổ chức.,Trên 35 tổ chức.,Dưới 40 tồ chức.,,2,30,
"Tính đến tháng 12/2017, Việt Nam có khoảng",Multiple Choice,23 triệu tín đồ.,25 triệu tín đồ.,24 triệu tín đồ.,26 triệu tín đồ.,,3,30,
"Mục đích trong chủ trương đoàn kết những người có tín ngưỡng, không có tín ngưỡng của Chủ tịch Hồ Chí Minh là",Multiple Choice,xây dựng khối đại đoàn kết dân tộc.,dần xoá bỏ tôn giáo ra khỏi đời sống xã hội.,tạo điều kiện thuận lợi cho sự phát triển của tôn giáo.,mở rộng giao lưu tôn giáo.,,1,30,
Tư tưởng các tôn giáo đều bình đẳng thể hiện thái độ nào dưới đây của Chủ tịch Hồ Chí Minh trong vấn đề tôn giáo?,Multiple Choice,"Thái độ khách quan, không thiên vị.","Thái độ hài hoà, thiên vị.","Thái độ chủ quan, duy ý chí.","Thái độ khách quan, duy ý chí.",,1,30,
"Mục đích cao nhất trong tôn trọng quyền tự do tín ngưỡng, tôn giáo của nhân dân theo quan điểm Hồ Chí Minh là",Multiple Choice,"làm cho tôn giáo phát triển, số lượng tín đồ tôn giáo tăng nhanh.","nhân dân được hạnh phúc, lợi ích của đất nước được đảm bảo.","tăng nhanh số tín đồ tôn giáo, nâng cao vị thế trong xã hội.",phát triển tôn giáo dân tộc.,,2,30,
"Theo Chủ tịch Hồ Chí Minh, lí tưởng cộng sản và các học thuyết tôn giáo chân chính có điểm chung là đều muốn",Multiple Choice,"xoá bỏ tình trạng áp bức, bóc lột, bất công, xây dựng cuộc sống hoà bình, hữu nghị.",có cuộc sống tốt đẹp sau khi con người từ giã cõi đời.,tôn giáo có ảnh hưởng ngày càng lớn trong đời sống xã hội.,lí giải mọi vấn đề của đời sống một cách khách quan.,,1,30,
"Quan điểm: “Tranh thủ những ai có thể tranh thủ được, khoan hồng cho những ai nhẹ dạ cả tin, nhưng đối với bọn ngoan cố chống phá cách mạng thì kiên quyết trừng trị” trong việc giải quyết vấn đề tôn giáo là của",Multiple Choice,Hồ Chí Minh.,C. Mác.,Ph. Ăngghen.,Võ Nguyên Giáp.,,1,30,
"Quan điểm: “Những người Công giáo Việt Nam theo Pháp và bù nhìn, làm hại đồng bào, chẳng những là Việt gian, mà cũng là giáo gian. Còn những đồng bào Công giáo kháng chiến mới là tín đồ chân chính của Đức Chúa” là của",Multiple Choice,Phan Bội Châu.,Võ Nguyên Giáp.,Hồ Chí Minh.,Phạm Văn Đồng.,,3,30,
"Quan điểm, chính sách của Đảng, Nhà nước ta đối với tôn giáo, tín ngưỡng trong giai đoạn hiện nay được thể hiện chủ yếu trong",Multiple Choice,Nghị quyết số 26-NQ/TW ngày 12/3/2003.,Nghị quyết số 25-NQ/TW ngày 12/3/2003.,Nghị quyết số 27-NQ/TW ngày 12/3/2003.,Nghị quyết số 25-NQ/TW ngày 13/3/2003.,,2,30,
"Công tác tôn giáo là trách nhiệm của cả hệ thống chính trị bao gồm hệ thống tổ chức Đảng, chính quyền, Mặt trận Tổ quốc và",Multiple Choice,"các đoàn thể chính trị, do Đảng lãnh đạo.","Đoàn Thanh niên, do Nhà nước lãnh đạo","Hội Liên hiệp Phụ nữ, do Đảng lãnh đạo.","Các đoàn thể chính trị, do Nhà nước lãnh đạo.",,1,30,
Gia đình được hình thành bởi hai mối quan hệ cơ bản là,Multiple Choice,quan hệ hôn nhân và quan hệ huyết thống.,quan hệ họ hàng và quan hệ huyết thống.,quan hệ hôn nhân và quan hệ họ hàng.,quan hệ huyết thống và quan hệ xã hội.,,1,30,
"Quan hệ nền tảng hình thành nên các mối quan hệ khác trong gia đình, là cơ sở pháp lí cho sự tồn tại của mỗi gia đình là quan hệ",Multiple Choice,hôn nhân.,huyết thống.,họ hàng.,xã hội.,,1,30,
"Quan hệ giữa những người có cùng một dòng máu, nảy sinh từ quan hệ hôn nhân là quan hệ",Multiple Choice,họ hàng.,huyết thống.,nội tộc.,gia đình.,,2,30,
"Mối quan hệ tự nhiên, là yếu tố mạnh mẽ nhất gắn kết các thành viên trong gia đình với nhau là quan hệ",Multiple Choice,tình cảm.,huyết thống.,kinh tế.,hôn nhân.,,2,30,
Quan hệ hôn nhân còn được gọi là quan hệ giữa,Multiple Choice,hai gia đình nhà trai và nhà gái.,vợ và chồng.,những người được pháp luật thừa nhận.,những người cùng chung sống trong một gia đình.,,2,30,
Quan hệ huyết thống trong gia đình chính là quan hệ giữa,Multiple Choice,những người có họ hàng với nhau.,những người chung một dòng họ.,cha mẹ và con cái.,những người trong một gia đình.,,3,30,
"Nghĩa vụ, quyền lợi và trách nhiệm của mỗi thành viên trong gia đình được quy định bởi",Multiple Choice,đạo đức xã hội.,pháp luật của mỗi quốc gia.,pháp lí và đạo lí.,nền nếp gia đình.,,2,30,
Quan hệ giữa cha mẹ nuôi với con nuôi chỉ được pháp luật công nhận khi,Multiple Choice,công bố rộng rãi với mọi người xung quanh.,"đã làm lễ gia tiên, báo cáo với họ hàng.",có đầy đủ thủ tục pháp lí.,cả hai bên cha mẹ nuôi và con nuôi có nhu cầu sống cùng nhau.,,3,30,
"Một cộng đồng người sống chung trong một không gian xác định, thường được sử dụng ở góc độ quản lí nhân khẩu là nội dung thể hiện khái niệm",Multiple Choice,gia đình.,dòng tộc.,dân tộc.,hộ gia đình.,,4,30,
Gia đình tập thể là hình thức gia đình tồn tại trong hình thái kinh tế - xã hội,Multiple Choice,phong kiến.,tư bản.,cộng sản chủ nghĩa.,công xã nguyên thuỷ.,,4,30,
"Gia đình mà những người chồng sống theo chế độ nhiều vợ, và vợ của họ cũng sống theo chế độ nhiều chồng, con cái là con chung của cả hai bên là đặc trưng của",Multiple Choice,gia đình hạt nhân.,gia đình nhiều thế hệ.,gia đình cá thể.,gia đình tập thể.,,4,30,
"Trong hình thức gia đình tập thể, việc xác định dòng dõi chủ yếu dựa vào",Multiple Choice,huyết thống của bố.,huyết thống của cả bố và mẹ.,huyết thống của tất cả những người bố và tất cả những người mẹ trong gia đình.,huyết thống của mẹ.,,4,30,
Quyền thừa kế tài sản trong gia đình tập thể căn cứ vào huyết thống của người mẹ vì,Multiple Choice,không biết chính xác ai là cha đẻ của đứa con.,mẹ là người sinh ra con cái.,người phụ nữ có địa cao nhất trong gia đình.,người phụ nữ rất được tôn trọng.,,1,30,
Đặc điểm nổi bật của gia đình tập thể là,Multiple Choice,"mẫu quyền, dựa trên cơ sở kinh tế tập thể - kinh tế gia đình cộng sản.","phụ quyền, dựa trên cơ sở kinh tế tập thể - kinh tế gia đình cộng sản.","phụ quyền, dựa trên cơ sở kinh tế tư nhân.","mẫu quyền, dựa trên cơ sở kinh tế cá nhân.",,1,30,
Sự xuất hiện của chế độ tư hữu và lao động của nam giới ngày càng được đề cao trong xã hội là nguyên nhân dẫn tới,Multiple Choice,gia đình tập thể.,gia đình cá thể.,gia đình nhiều thế hệ.,gia đình hai thế hệ.,,2,30,
"Theo quan điểm của C. Mác, Ph. Ăngghen: Gia đình một vợ một chồng dựa trên quyền thống trị của người chồng, nhằm chủ đích là làm cho con cái sinh ra phải có cha đẻ rõ ràng không ai tranh cãi được, và sự rõ ràng ấy là cần thiết, vì những người con đó sau này sẽ được hưởng tài sản của cha với tư cách là",Multiple Choice,người con chính thống.,người thừa kế trực tiếp.,người con nối dõi.,người thừa kế gián tiếp.,,2,30,
Nội dung nào dưới đây không phản ánh đúng vị trí của gia đình trong xã hội?,Multiple Choice,Gia đình là tế bào của xã hội.,Gia đình là tổ ấm của mỗi thành viên.,Gia đình là bộ phận của làng xã.,Gia đình là cầu nối giữa cá nhân với xã hội.,,3,30,
Nhận định nào dưới đây thể hiện đúng nhất vị trí của gia đình đối với sự vận động và phát triển của xã hội?,Multiple Choice,"Gia đình có vai trò quan trọng đối với sự tồn tại, vận động và phát triển của xã hội.","Gia đình có vai trò không nhỏ đối với sự tồn tại, vận động và phát triển của xã hội.","Gia đình có vai trò quyết định đối với sự tồn tại, vận động và phát triển của xã hội.","Gia đình có vai trò nhất định đối với sự tồn tại, vận động và phát triển của xã hội.",,1,30,
Gia đình không chỉ sản xuất ra tư liệu sinh hoạt mà còn sản xuất ra,Multiple Choice,bản thân con người.,các mối quan hệ xã hội.,các giá trị kinh tế.,các giá trị tinh thần.,,1,30,
"Gia đình như một tế bào tự nhiên, là một đơn vị cơ sở để tạo nên cơ thể - xã hội vì",Multiple Choice,"gia đình sản xuất ra tư liệu tiêu dùng, tư liệu sản xuất và các mối quan hệ xã hội khác.","gia đình sản xuất ra tư liệu sản xuất, tái sản xuất ra con người và các mối quan hệ xã hội khác.",gia đình tái sản xuất ra con người và các mối quan hệ xã hội.,"gia đình sản xuất ra tư liệu tiêu dùng, tư liệu sản xuất, tái sản xuất ra con người.",,4,30,
Chủ tịch Hồ Chí Minh đã từng khẳng định: Hạt nhân của xã hội chính là,Multiple Choice,các thành viên trong gia đình.,gia đình.,các hộ gia đình.,hộ gia đình.,,2,30,
"Môi trường tốt nhất để mỗi cá nhân được yêu thương, nuôi dưỡng, chăm sóc, trưởng thành, phát triển là",Multiple Choice,gia đình.,nhà trường.,dòng họ.,làng xóm.,,1,30,
Cộng đồng xã hội đầu tiên đáp ứng nhu cầu quan hệ xã hội của mỗi cá nhân là,Multiple Choice,làng xóm.,gia đình.,trường học.,họ hàng.,,2,30,
Nội dung nào dưới đây không là chức năng cơ bản của gia đình?,Multiple Choice,Xây dựng quy định của địa phương.,Tái sản xuất ra con người.,"Nuôi dưỡng, giáo dục.",Kinh tế và tổ chức tiêu dùng.,,1,30,
"Chức năng đặc thù của gia đình, không một cộng đồng nào có thể thay thế là",Multiple Choice,"nuôi dưỡng, giáo dục.",kinh tế và tổ chức tiêu dùng.,tái sản xuất ra con người.,"thoả mãn nhu cầu tâm - sinh lí, duy trì tình cảm.",,3,30,
"Không chỉ đáp ứng nhu cầu tâm - sinh lí tự nhiên của con người, đáp ứng nhu cầu nòi giống của gia đình, dòng họ mà còn đáp ứng nhu cầu về sức lao động và duy trì sự trường tồn của xã hội là nội dung thể hiện chức năng nào của gia đình?",Multiple Choice,"Thoả mãn nhu cầu tâm - sinh lí, duy trì tình cảm gia đình.",Kinh tế và tổ chức tiêu dùng.,"Nuôi dưỡng, giáo dục.",Tái sản xuất ra con người.,,4,30,
Việc thực hiện chức năng tái sản xuất ra con người không chỉ là việc riêng của gia đình mà là vấn đề xã hội vì thực hiện chức năng này quyết định,Multiple Choice,"quy mô dân số, mật độ dân cư, chất lượng nguồn lao động.","quy mô dân số, mật độ dân cư, chất lượng cuộc sống người lao động.","tỉ lệ gia tăng dân số, chất lượng nguồn lao động của mỗi quốc gia.","mật độ dân cư, chất lượng nguồn lao động của mỗi quốc gia.",,1,30,
"Chức năng nào dưới đây thể hiện tình cảm thiêng liêng, trách nhiệm của cha mẹ với con cái, đồng thời thể hiện trách nhiệm của gia đình với xã hội?",Multiple Choice,"Thoả mãn nhu cầu tâm - sinh lí, duy trì tình cảm gia đình.","Nuôi dưỡng, giáo dục.",Kinh tế và tổ chức tiêu dùng.,Tái sản xuất ra con người.,,2,30,
"Chức năng nào dưới đây của gia đình có ý nghĩa rất quan trọng tới việc hình thành nhân cách, đạo đức, lối sống của mỗi người?",Multiple Choice,"Nuôi dưỡng, giáo dục.","Thoả mãn nhu cầu tâm - sinh lí, duy trì tình cảm gia đình.",Kinh tế và tổ chức tiêu dùng.,Tái sản xuất ra con người.,,1,30,
"Gia đình thực hiện chức năng nào dưới đây để góp phần to lớn vào việc đào tạo thế hệ trẻ, nâng cao chất lượng nguồn lao động?",Multiple Choice,"Thoả mãn nhu cầu tâm - sinh lí, duy trì tình cảm gia đình.",Kinh tế và tổ chức tiêu dùng.,"Nuôi dưỡng, giáo dục.",Tái sản xuất ra con người.,,3,30,
"Thực hiện chức năng nào dưới đây của gia đình đòi hỏi cha mẹ phải có kiến thức cơ bản, tương đối toàn diện về mọi mặt?",Multiple Choice,"Nuôi dưỡng, giáo dục.","Thoả mãn nhu cầu tâm - sinh lí, duy trì tình cảm gia đình.",Kinh tế và tổ chức tiêu dùng.,Tái sản xuất ra con người.,,1,30,
"Xét ở chức năng kinh tế và tổ chức tiêu dùng, gia đình có đặc thù nào dưới đây mà các đơn vị kinh tế khác không có được?",Multiple Choice,"Tham gia trực tiếp vào quá trình sản xuất, tái sản xuất ra tư liệu lao động.",Tham gia vào quá trình sản xuất và tái sản xuất ra sức lao động.,"Tham gia trực tiếp vào quá trình sản xuất, tái sản xuất ra tư liệu sản xuất.","Tham gia trực tiếp vào quá trình sản xuất, tái sản xuất ra tư liệu tiêu dùng.",,4,30,
"Việc sử dụng hợp lí các khoản thu nhập vào việc đảm bảo đời sống vật chất và tinh thần của mỗi thành viên, cùng với việc sử dụng quỹ thời gian rảnh rỗi để tạo nên đời sống tinh thần, thể chất lành mạnh là nội dung của chức năng",Multiple Choice,tổ chức tiêu dùng của gia đình.,tổ chức sản xuất của gia đình.,tổ chức đời sống tinh thần của gia đình.,tổ chức các mối quan hệ xã hội của gia đình.,,1,30,
"Gia đình đảm bảo nguồn sống, đáp ứng nhu cầu vật chất, tinh thần của các thành viên trong gia đình là nội dung của chức năng",Multiple Choice,đảm bảo đời sống vật chất và tinh thần.,thoả mãn mọi mặt đời sống gia đình.,kinh tế và tổ chức tiêu dùng.,"nuôi dưỡng, giáo dục.",,3,30,
"Chức năng nào dưới đây tạo cho gia đình cơ sở để tổ chức tốt đời sống, nuôi dạy con cái, đóng góp to lớn đối với sự phát triển xã hội?",Multiple Choice,Đảm bảo đời sống gia đình và phát triển xã hội.,"Thoả mãn nhu cầu tâm - sinh lí, duy trì tình cảm gia đình.",Kinh tế và tổ chức tiêu dùng.,"Nuôi dưỡng, giáo dục.",,3,30,
"Chức năng nào dưới đây của gia đình có nhiệm vụ thoả mãn nhu cầu tình cảm, văn hóa, tinh thần cho các thành viên, đảm bảo sự cân bằng tâm lí, bảo vệ chăm sóc sức khoẻ người ốm, người già, trẻ em?",Multiple Choice,Thoả mãn nhu cầu tâm - sinh lí.,"Thoả mãn nhu cầu tâm - sinh lí, duy trì tình cảm gia đình.","Thoả mãn nhu cầu tình cảm, đời sống vật chất.",Thoả mãn đời sống vật chất và tinh thần.,,2,30,
Cơ sở kinh tế - xã hội để xây dựng gia đình trong thời kì quá độ lên chủ nghĩa xã hội là sự phát triển của,Multiple Choice,lực lượng sản xuất và quan hệ sản xuất xã hội chủ nghĩa.,"nền kinh tế nhiều thành phần, định hướng xã hội chủ nghĩa.",nền kinh tế thị trường định hướng xã hội chủ nghĩa.,lực lượng sản xuất gắn với công cụ lao động hiện đại.,,1,30,
"Ý nào dưới đây là nguyên nhân sâu xa gây nên tình trạng thống trị của người đàn ông trong gia đình, sự bất bình đẳng nam nữ, giữa vợ và chồng, sự nô dịch với phụ nữ?",Multiple Choice,Chế độ công hữu về tư liệu sản xuất.,Chế độ đa thê.,Chế độ tư hữu về tư liệu sản xuất.,Chế độ một vợ một chồng.,,3,30,
Sự thống trị của người đàn ông trong gia đình là kết quả của,Multiple Choice,sự thống trị của họ về văn hóa.,sự thống trị của họ về kinh tế.,những quy định trong gia đình.,những hủ tục lạc hậu.,,2,30,
Việc thiết lập chính quyền nhà nước của giai cấp công nhân và nhân dân lao động nhằm xây dựng gia đình trong thời kì quá độ lên chủ nghĩa xã hội là nội dung của cơ sở,Multiple Choice,chính trị.,văn hóa.,xã hội.,kinh tế.,,1,30,
"Ở Việt Nam, tổ chức nào dưới đây là công cụ hữu hiệu nhất xoá bỏ những hủ tục lạc hậu, giải phóng phụ nữ và bảo vệ hạnh phúc gia đình?",Multiple Choice,Đảng Cộng sản.,Hội Liên hiệp Phụ nữ.,Nhà nước.,Đoàn Thanh niên Cộng sản.,,3,30,
"Nội dung nào dưới đây thể hiện rõ nhất vai trò của nhà nước xã hội chủ nghĩa trong việc đảm bảo lợi ích công dân, lợi ích của các thành viên trong gia đình, đảm bảo sự bình đẳng giới, chính sách dân số?",Multiple Choice,Phát triển kinh tế.,Ổn định tình hình chính trị - xã hội.,Xây dựng hệ thống pháp luật và nâng cao đời sống tinh thần.,Xây dựng hệ thống pháp luật và hệ thống chính sách xã hội.,,4,30,
Phát triển lực lượng sản xuất và quan hệ sản xuất tương ứng - quan hệ sản xuất mới xã hội chủ nghĩa là cơ sở để xây dựng gia đình trong thời kì quá độ lên chủ nghĩa xã hội ở lĩnh vực nào dưới đây?,Multiple Choice,Chính trị - xã hội.,Văn hóa.,Kinh tế - xã hội.,Tâm lí.,,3,30,
"Hôn nhân tự nguyện, một vợ một chồng bình đẳng, được đảm bảo về pháp lí là biểu hiện của",Multiple Choice,chế độ hôn nhân tiến bộ.,hôn nhân được pháp luật thừa nhận.,hôn nhân tự nguyện.,hôn nhân bình đẳng.,,1,30,
Hôn nhân tự nguyện là hôn nhân xuất phát từ,Multiple Choice,sự thoả mãn về kinh tế.,tình yêu.,sự đồng ý của bố mẹ hai bên.,sự ủng hộ của những người xung quanh.,,2,30,
Nam nữ được đảm bảo quyền tự do trong việc lựa chọn người kết hôn là biểu hiện của,Multiple Choice,hôn nhân tự nguyện.,hôn nhân bình đẳng.,hôn nhân được pháp luật thừa nhận.,hôn nhân tích cực.,,1,30,
Nguyên nhân nào sau đây giữ vai trò quyết định nhất tới sự xuất hiện của hôn nhân một vợ một chồng trong lịch sử xã hội loài người?,Multiple Choice,Sự thắng lợi của chế độ tư hữu đối với chế độ công hữu nguyên thuỷ.,Sự thắng lợi của những tư tưởng tiến bộ.,Sự xuất hiện của các tổ chức bảo vệ quyền lợi của người phụ nữ.,"Vị trí, vai trò của người phụ nữ trong xã hội được thừa nhận.",,1,30,
Vợ và chồng đều có quyền lợi và nghĩa vụ như nhau về mọi vấn đề của cuộc sống gia đình là biểu hiện của,Multiple Choice,hôn nhân tự nguyện.,vợ chồng bình đẳng.,tình yêu.,tự do kết hôn.,,2,30,
Hôn nhân được đảm bảo về mặt pháp lí là hôn nhân,Multiple Choice,được tổ chức với sự chứng kiến của mọi người.,tự nguyện trên cơ sở tình yêu nam nữ.,được pháp luật thừa nhận thông qua việc đăng kí kết hôn.,được hai bên gia đình đồng ý.,,3,30,
"Yếu tố nào dưới đây giữ vai trò quyết định tới việc thúc đẩy tăng trưởng về kinh tế, tăng thu nhập của cá nhân, là cơ sở cho việc củng cố và duy trì bền vững của gia đình ở Việt Nam?",Multiple Choice,"Trình độ dân trí ngày càng được nâng cao, nghề nghiệp ngày càng đa dạng.","Tình cảm gắn bó giữa các thành viên trong gia đình, mọi người đều có công việc ổn định.","Con cái được học hành đầy đủ, các thành viên đều được tạo điều kiện phát triển, cơ hội việc làm ngày càng cao.",Nền kinh tế thị trường định hướng xã hội chủ nghĩa ngày càng phát triển.,,4,30,
Biểu hiện nào dưới đây không là tác động tiêu cực của kinh tế thị trường định hướng xã hội chủ nghĩa tới gia đình ở Việt Nam?,Multiple Choice,Tăng thu nhập của cá nhân trong gia đình.,Sự phân hóa giàu nghèo giữa các gia đình ngày càng tăng.,"Ngoại tình, li hôn có chiều hướng ngày càng phát triển.","Trẻ em nghỉ học sớm, tham gia vào thị trường lao động.",,1,30,
Nội dung nào dưới đây là mục tiêu về xây dựng gia đình mà Đại hội đại biểu toàn quốc lần thứ XII của Đảng Cộng sản Việt Nam đã đề ra?,Multiple Choice,"Xây dựng gia đình no ấm, tiến bộ, hạnh phúc, văn minh.","Xây dựng gia đình hạnh phúc, kinh tế phát triển.","Xây dựng gia đình bình đẳng, hạnh phúc, no ấm, tiến bộ, văn minh.","Xây dựng gia đình ấm no, tự do, hạnh phúc.",,1,30,
"Nội dung nào dưới đây là mục tiêu mà “Chiến lược phát triển gia đình Việt Nam đến năm 2020, tầm nhìn 2030” đã đề ra?",Multiple Choice,"Xây dựng gia đình Việt Nam no ấm, tiến bộ, hạnh phúc, thực sự là tổ ấm của mỗi người, là tế bào lành mạnh của xã hội.","Xây dựng gia đình Việt Nam kinh tế no ấm, văn minh, tiến bộ, hạnh phúc, thực sự là tổ ấm của mỗi người, là tế bào lành mạnh của xã hội.","Xây dựng gia đình Việt Nam bình đẳng, tiến bộ, hạnh phúc, thực sự là tổ ấm của mỗi người, là tế bào lành mạnh của xã hội.","Xây dựng gia đình Việt Nam no ấm, tiến bộ, hạnh phúc, thực sự là tổ ấm của mỗi người.",,1,30,
Ngày Gia đình Việt Nam là ngày,Multiple Choice,28/5.,26/6.,28/6.,26/8.,,3,30,
Luật Hôn nhân và Gia đình ban hành năm 2000 ở Việt Nam được sửa đổi vào năm,Multiple Choice,2014.,2007.,2012.,2015.,,1,30,
"Luật Phòng, chống bạo lực gia đình hiện hành của Việt Nam có hiệu lực thi hành năm",Multiple Choice,2006.,2007.,2008.,2009.,,3,30,
“Gia đình đơn” còn được gọi bằng tên nào dưới đây?,Multiple Choice,Gia đình tập thể.,Gia đình hạt nhân.,Gia đình ba thế hệ.,Gia đình nhiều thế hệ.,,2,30,
Gia đình có ba thế hệ cùng chung sống dưới một mái nhà được gọi là,Multiple Choice,tam đại đồng đường.,gia đình tập thể.,tứ đại đồng đường.,gia đình hạt nhân.,,1,30,
Gia đình có bốn thế hệ cùng chung sống dưới một mái nhà được gọi là,Multiple Choice,tứ đại đồng đường.,gia đình hạt nhân.,tam đại đồng đường.,ngũ đại đồng đường.,,1,30,
Quy mô gia đình Việt Nam hiện nay có xu hướng,Multiple Choice,ngày càng đa dạng.,ngày càng nhiều thế hệ.,ngày càng thu nhỏ.,ngày càng phức tạp.,,3,30,
Loại hình gia đình phổ biến nhất ở Việt Nam hiện nay là,Multiple Choice,tam đại đồng đường.,gia đình hạt nhân.,tứ đại đồng đường.,gia đình đơn thân.,,2,30,
"Để đảm bảo lợi ích của gia đình và sự phát triển bền vững của xã hội, thông điệp mới trong kế hoạch hóa gia đình của Việt Nam hiện nay là",Multiple Choice,mỗi gia đình chỉ nên có từ 1 đến 2 con.,mỗi gia đình chỉ nên sinh 1 con.,mỗi gia đình nên sinh đủ 2 con.,gia đình có điều kiện nuôi dưỡng có thể sinh 3 con.,,3,30,
Biểu hiện nào dưới đây thể hiện đầy đủ nhất sự tiến bộ trong việc thực hiện chức năng tái sản xuất ra con người của gia đình Việt Nam hiện nay?,Multiple Choice,"Giảm mức sinh của phụ nữ, tăng số con mong muốn, không nhất định phải có con trai.","Giảm nhu cầu nhất thiết phải có con trai, người phụ nữ không nhất định phải sinh con.","Tăng số con mong muốn, giảm nhu cầu nhất thiết phải có con trai.","Giảm mức sinh của phụ nữ, giảm số con mong muốn, giảm nhu cầu nhất thiết phải có con trai.",,4,30,
Từ một đơn vị kinh tế khép kín sản xuất để đáp ứng nhu cầu của gia đình thành đơn vị mà sản xuất chủ yếu để đáp ứng nhu cầu của người khác hay của xã hội là biểu hiện của sự biến đổi trong gia đình về chức năng,Multiple Choice,kinh tế và tổ chức tiêu dùng.,tổ chức tiêu dùng.,sản xuất.,chính trị - xã hội.,,1,30,
"Trong kinh tế thị trường hiện đại, nguyên nhân cơ bản nhất dẫn đến kinh tế gia đình gặp rất nhiều khó khăn, trở ngại trong việc chuyển hướng sản xuất kinh doanh hàng hóa theo hướng chuyên sâu là do",Multiple Choice,"kinh tế gia đình phần lớn có quy mô nhỏ, lao động ít và tự sản xuất là chính.","trình độ của người lao động còn thấp, kinh tế gia đình quy mô lớn, khó quản lí.","người lao động vẫn mang tác phong nông nghiệp, tư duy tiểu nông, kinh nghiệm quản lí còn hạn chế.","cơ chế quản lí còn nhiều bất cập, thủ tục hành chính còn phức tạp.",,1,30,
Nguyên nhân nào dưới đây giữ vai trò quyết định làm cho gia đình trở thành một đơn vị tiêu dùng quan trọng của xã hội?,Multiple Choice,Sự phát triển của kinh tế hàng hóa và nguồn thu nhập bằng tiền của gia đình ngày càng tăng lên.,"Chi tiêu hợp lí, tăng cường tiết kiệm, nguồn thu nhập bằng tiền của gia đình ngày càng eo hẹp.","Hàng hóa ngày càng phong phú, đa dạng, đáp ứng tốt yêu cầu của người tiêu dùng.","Sản xuất hàng hóa phát triển, giao thương được đẩy mạnh, nguồn tiền cho chi dùng hàng ngày có chiều hướng tăng lên.",,1,30,
"Giáo dục trong gia đình Việt Nam hiện nay bao gồm giáo dục đạo đức, giáo dục kiến thức khoa học hiện đại, trang bị công cụ để con cái hoà nhập với thế giới là nội dung thể hiện tính chất nào trong nội dung giáo dục của gia đình Việt Nam hiện nay?",Multiple Choice,Tính toàn diện.,Tính lịch sử.,Tính logic.,Tính phiến diện.,,1,30,
Nội dung nào dưới đây mô tả đầy đủ nhất về những hạn chế trong quan hệ quan hệ vợ chồng ở Việt Nam hiện nay?,Multiple Choice,"Thiếu bình đẳng, vai trò của người phụ nữ chưa thực sự được thừa nhận.","Lỏng lẻo, gia tăng tỉ lệ li hôn, li thân, ngoại tình, chung sống không kết hôn.","Lỏng lẻo, bất bình đẳng trong quan hệ vợ, chồng vẫn diễn ra ở nhiều gia đình.","Lỏng lẻo, bạo lực gia đình ngày càng tăng, tỉ lệ li hôn ngày càng cao.",,2,30,
"Hiện nay, nguy cơ nào dưới đây là phổ biến nhất mà người cao tuổi trong gia đình ở Việt Nam phải đối mặt?",Multiple Choice,Thiếu thốn về vật chất.,Thiếu thốn về tình cảm.,Thiếu thốn về thời gian.,Thiếu thốn về các sản phẩm giải trí.,,2,30,
Nội dung nào dưới đây không phải là phương hướng cơ bản xây dựng và phát triển gia đình Việt Nam trong thời kì quá độ lên chủ nghĩa xã hội?,Multiple Choice,"Tăng cường sự lãnh đạo của Đảng, nâng cao nhận thức của xã hội về xây dựng và phát triển gia đình Việt Nam.","Đẩy mạnh phát triển kinh tế - xã hội, nâng cao đời sống vật chất, kinh tế hộ gia đình.",Tăng cường vai trò của các tổ chức quốc tế nhằm giáo dục thanh niên về xây dựng gia đình hạnh phúc.,Tiếp tục phát triển và nâng cao chất lượng phong trào xây dựng gia đình văn hóa.,,3,30,
"Gia đình ấm no, hoà thuận, tiến bộ, khoẻ mạnh và hạnh phúc, thực hiện tốt nghĩa vụ công dân, thực hiện kế hoạch hóa gia đình, đoàn kết tương trợ trong cộng đồng dân cư là tiêu chuẩn của",Multiple Choice,gia đình truyền thống.,gia đình giàu có.,gia đình văn hóa.,gia đình hiện đại.,,3,30,
